Attack_Flag,Fwd.Packet.Length.Min,Packet.Length.Variance,Avg.Fwd.Segment.Size,URG.Flag.Count,Active.Std,Down.Up.Ratio,Destination.Port,Idle.Min,Avg.Bwd.Segment.Size,Bwd.IAT.Total,Init_Win_bytes_backward,PSH.Flag.Count,Bwd.IAT.Max
0,1375,447016.2381,1375,1,0,5,20374,0,4.8,1518025,0,0,1503245
1,0,7025604.278,8.666666667,0,0,1,80,0,2321.4,1490756,229,1,1489801
1,0,2057995.838,7,0,0,0,80,8087896,1933.5,1715064,229,0,1693989
1,6,0,6,0,0,0,80,0,0,0,-1,0,0
1,6,0,6,0,0,0,80,10300000,0,0,-1,0,0
1,6,0,6,0,0,0,80,11000000,0,0,-1,0,0
0,6,0,6,1,0,6,56151,0,6,47038,0,0,18812
0,0,0,0,1,0,0,41398,0,0,0,346,0,0
1,6,0,6,0,0,0,80,5979269,0,0,-1,0,0
1,6,0,6,0,0,0,80,9260810,0,0,-1,0,0
1,6,0,6,0,0,0,80,7422792,0,0,-1,0,0
1,0,6523729.278,8.666666667,0,0,1,80,0,2321.4,1308092,229,1,1307067
0,48,85.33333333,48,0,0,1,53,0,64,0,-1,0,0
0,42,3000,42,0,0,1,53,0,142,4,-1,0,4
1,6,0,6,0,0,0,80,0,0,0,-1,0,0
0,0,11200000,2321.4,0,0,0,40110,0,8.666666667,669,256,1,557
0,55,833.3333333,55,0,0,1,53,0,105,0,-1,0,0
1,0,16800000,8.666666667,0,0,1,80,0,2901.75,160728,229,1,160105
0,6,0,6,1,0,6,30876,5315419,6,5323924,0,0,5315419
1,0,3923213.111,8.666666667,0,0,1,80,0,2320.2,1240936,229,1,1225886
0,33,243.8095238,33,0,0,0,53,0,65,3,-1,0,3
1,0,11200000,8.666666667,0,0,1,80,0,2321.4,708342,229,1,707591
0,43,261.3333333,43,0,0,1,53,0,71,0,-1,0,0
1,0,6054813.111,8.666666667,0,0,1,80,0,2320.2,26187,229,1,19184
0,35,720.3,35,0,0,1,53,0,84,1,-1,0,1
0,6,400,26,0,0,0,443,0,6,0,0,0,0
1,0,11200000,8.666666667,0,0,1,80,0,2321.4,258438,229,1,257447
1,6,0,6,0,0,0,80,11800000,0,0,-1,0,0
1,0,3497323.148,7,0,0,0,80,76700000,2320.2,1804235,229,0,1799462
0,1375,402197.1429,1375,1,0,6,49961,7313363,5,7334788,0,0,7313363
1,6,0,6,0,0,0,80,10400000,0,0,-1,0,0
0,40,3307.5,40,0,0,1,53,0,145,3,-1,0,3
0,0,171346.3352,197.5,0,0,1,443,0,222.2857143,671449,137,1,327455
1,0,2706820.456,8.666666667,0,0,2,80,0,1933.5,625740,229,1,619874
1,6,0,6,0,0,0,80,6568801,0,0,-1,0,0
0,50,76.8,50,0,0,1,53,0,66,48,-1,0,48
1,0,4770125.962,7,0,0,0,80,9466729,2321.4,79793,229,0,78648
0,0,0,0,0,0,0,53524,0,0,0,-1,0,0
0,6,0,6,1,0,6,56266,0,6,4647546,0,0,4644191
1,0,16800000,8.666666667,0,0,1,80,0,2901.75,570786,229,1,569709
1,0,6840253.095,6.888888889,0,0,0,80,7856811,2321.4,1175834,229,0,1174754
1,0,7025604.278,8.666666667,0,0,1,80,0,2321.4,1050551,229,1,1049447
1,0,4456113.111,8.666666667,0,0,1,80,0,2320.2,34723,229,1,33351
1,0,3923213.111,8.666666667,0,0,1,80,0,2320.2,82210,229,1,66808
1,6,0,6,0,0,0,80,0,0,0,-1,0,0
1,0,7087654.278,8.666666667,0,0,1,80,0,2321.4,23929,229,1,23090
1,6,0,6,0,0,0,80,7748787,0,0,-1,0,0
1,6,0,6,0,0,0,80,0,0,0,-1,0,0
1,6,0,6,0,0,0,80,0,0,0,-1,0,0
0,31,76.8,31,0,0,1,53,0,47,3,-1,0,3
1,0,2706820.456,8.666666667,0,0,2,80,0,1933.5,77263,229,1,62001
1,0,6523729.278,8.666666667,0,0,1,80,0,2321.4,633790,229,1,632491
1,0,16800000,8.666666667,0,0,1,80,0,2901.75,1064506,229,1,1063838
1,0,9696700.839,8.666666667,0,0,1,80,0,2900.25,484013,229,1,479266
0,0,3699499.265,1935.5,1,0,1,49429,10000000,6.8,82000000,256,0,72000000
0,6,0,6,1,0,1,10026,0,6,0,253,0,0
1,0,8593279.278,8.666666667,0,0,1,80,0,2321.4,60352,229,1,59181
0,0,205263.5517,52.85714286,0,97971.95541,1,443,9992811,338.9285714,60900000,114,1,10100000
1,0,7317264.423,7,0,0,0,80,5043191,2321.4,128945,229,0,127857
1,6,0,6,0,0,0,80,6479876,0,0,-1,0,0
1,6,0,6,0,0,0,80,5119076,0,0,-1,0,0
0,36,4915.2,36,0,0,1,53,0,164,48,-1,0,48
1,0,4456113.111,8.666666667,0,0,1,80,0,2320.2,715172,229,1,701098
0,0,5083184.063,2321.4,1,0,2,55450,5981810,6.8,72200000,256,0,66200000
0,0,8.571428571,2,0,0,1,80,0,2,3187150,29,1,2023651
0,54,1365.333333,54,0,0,1,53,0,118,0,-1,0,0
1,6,0,6,0,0,0,80,5711842,0,0,-1,0,0
0,0,2383274.985,1659,1,0,1,61102,78100000,6.888888889,80000000,256,0,78100000
1,0,3923213.111,8.666666667,0,0,1,80,0,2320.2,1078572,229,1,1064371
1,0,5464953.918,7,0,0,0,80,94700000,2320.2,1153656,229,0,1141907
1,0,12600000,8.666666667,0,0,1,80,0,2900.25,80874,229,1,63731
0,6,0,6,1,0,1,10370,0,6,0,16355,0,0
0,42,1281.333333,42,0,0,1,53,0,104,0,-1,0,0
1,0,16800000,8.666666667,0,0,1,80,0,2901.75,637243,229,1,636365
1,0,6523729.278,8.666666667,0,0,1,80,0,2321.4,1075738,229,1,1074829
1,6,0,6,0,0,0,80,11900000,0,0,-1,0,0
1,6,0,6,0,0,0,80,0,0,0,-1,0,0
1,0,7025604.278,8.666666667,0,0,1,80,0,2321.4,1504050,229,1,1503283
1,0,2706820.456,8.666666667,0,0,2,80,0,1933.5,1745452,229,1,1733661
1,0,3625073.789,8.666666667,0,0,2,80,0,1934.5,1284656,229,1,1283849
1,6,0,6,0,0,0,80,9926365,0,0,-1,0,0
0,250,417720,250,0,0,1,88,0,1430,2,-1,0,2
0,31,4915.2,31,0,0,1,53,0,159,48,-1,0,48
1,6,0,6,0,0,0,80,0,0,0,-1,0,0
1,0,2706820.456,8.666666667,0,0,2,80,0,1933.5,44800,229,1,29376
1,0,10300000,7,0,0,0,80,12100000,2901.75,739833,229,0,739051
1,0,4731941.346,7,0,0,0,80,8085804,2321.4,409399,229,0,408400
1,6,0,6,0,0,0,80,0,0,0,-1,0,0
1,6,0,6,0,0,0,80,6088243,0,0,-1,0,0
0,40,76.8,40,0,0,1,53,0,56,48,-1,0,48
0,0,1546638.252,1450.875,1,0,1,50696,7782250,6.888888889,8378646,256,0,7782250
0,62,1633.333333,62,0,0,1,53,0,132,0,-1,0,0
1,0,3923213.111,8.666666667,0,0,1,80,0,2320.2,1836516,229,1,1832083
0,0,213506.4085,54.9,0,0,0,443,0,562,115094,343,1,62498
1,6,0,6,0,0,0,80,0,0,0,-1,0,0
0,33,720.3,33,0,0,1,53,0,82,1,-1,0,1
0,0,624258.3077,68.4,0,0,1,80,0,756.8571429,8476696,123,1,8445447
0,0,25904.53978,27.4375,0,7454.997773,0,80,10100000,56.85714286,113000000,285,1,10200000
1,0,4770125.962,7,0,0,0,80,90200000,2321.4,100421,229,0,99219
1,0,1690914.329,7,0,0,0,80,74500000,1657.285714,1823034,229,0,1794562
1,0,7087654.278,8.666666667,0,0,1,80,0,2321.4,59934,229,1,59014
1,6,0,6,0,0,0,80,7977883,0,0,-1,0,0
1,0,7317264.423,7,0,0,0,80,5283812,2321.4,472912,229,0,471430
1,6,0,6,0,0,0,80,7487623,0,0,-1,0,0
1,0,3654198.233,8.666666667,0,0,2,80,0,1933.5,283279,229,1,262041
0,0,259702.6905,51.90909091,0,0,0,443,0,585.7777778,257247,4,1,126755
0,0,0,0,0,0,0,47178,0,0,0,-1,0,0
0,6,26885.33333,148,0,0,0,55823,0,0,0,-1,0,0
1,0,8593279.278,8.666666667,0,0,1,80,0,2321.4,1022235,229,1,1021216
1,0,7189672.268,8.666666667,0,0,1,80,0,2900.25,909454,229,1,897957
0,6,0,6,1,0,5,59640,0,6,2082907,0,0,2067885
0,30,12362.7,30,0,0,1,53,0,233,3,-1,0,3
0,0,290663,127.6,0,0,0,443,0,801.6666667,200229,509,1,91594
1,0,3435230.673,8.666666667,0,0,2,80,0,1658.142857,29018,229,1,14785
1,6,0,6,0,0,0,80,0,0,0,-1,0,0
0,0,10.8,4,0,0,0,80,0,0,0,29200,1,0
0,6,0,6,1,0,6,18190,10000000,6,10000000,0,0,10000000
0,6,0,6,0,0,0,80,0,0,0,-1,0,0
0,6,0,6,1,0,5,24634,0,6,3633290,0,0,3628516
0,0,721366.0063,45.47368421,0,0,0,443,0,1077.25,73495,292,1,42596
1,0,6085838.111,8.666666667,0,0,1,80,0,2320.2,34366,229,1,33473
0,48,529.2,48,0,0,1,53,0,90,3,-1,0,3
0,6,0,6,1,0,6,50569,0,6,2565952,0,0,2562522
1,0,7763243.696,8.666666667,0,0,1,80,0,2900.25,1821564,229,1,1796858
1,0,16800000,8.666666667,0,0,1,80,0,2901.75,1262501,229,1,1261799
0,45,76.8,45,0,0,1,53,0,61,48,-1,0,48
1,6,0,6,0,0,0,80,0,0,0,-1,0,0
1,0,4456113.111,8.666666667,0,0,1,80,0,2320.2,391175,229,1,359854
0,37,307.2,37,0,0,1,53,0,69,49,-1,0,49
1,0,7025604.278,8.666666667,0,0,1,80,0,2321.4,458293,229,1,457386
0,0,245263.641,74.66666667,0,55722.13568,1,80,9999834,297.6666667,25200000,946,1,10100000
1,0,10300000,7,0,0,0,80,68300000,2901.75,935750,229,0,935015
0,0,7317264.423,2321.4,1,0,1,60231,6021797,7,7960884,256,0,6021797
0,0,8953459.781,2322.6,1,0,1,58171,75100000,6.888888889,76200000,256,0,75100000
1,0,6054813.111,8.666666667,0,0,1,80,0,2320.2,64535,229,1,57294
1,6,0,6,0,0,0,80,0,0,0,-1,0,0
0,6,0,6,1,0,5,31184,0,6,4754900,0,0,4744682
1,0,3625073.789,8.666666667,0,0,2,80,0,1934.5,91243,229,1,90270
1,0,9696700.839,8.666666667,0,0,1,80,0,2900.25,1095614,229,1,1091882
0,0,215773.2026,73.42857143,0,0,1,443,0,410.2,89929,119,1,42032
1,6,0,6,0,0,0,80,0,0,0,-1,0,0
0,6,0,6,1,0,5,57318,0,6,1529994,0,0,1491603
0,35,76.8,35,0,0,1,53,0,51,49,-1,0,49
0,0,2916174.985,1659,1,0,1,58566,9274735,6.888888889,78300000,256,0,69000000
1,0,3257660.352,7,0,0,0,80,6092083,1934.5,1232933,229,0,1231749
1,6,0,6,0,0,0,80,0,0,0,-1,0,0
1,6,0,6,0,0,0,80,11900000,0,0,-1,0,0
1,0,6109933.974,7,0,0,0,80,78600000,2900.25,372781,229,0,346144
0,32,1470,32,0,0,1,53,0,102,48,-1,0,48
0,45,6256.333333,45,0,0,1,53,0,182,0,-1,0,0
0,0,124480.2622,45.68181818,0,72169.10332,0,443,9999125,256.8888889,111000000,179,1,10100000
1,6,0,6,0,0,0,80,11700000,0,0,-1,0,0
1,0,16800000,8.666666667,0,0,1,80,0,2901.75,154295,229,1,153568
1,6,0,6,0,0,0,80,0,0,0,-1,0,0
1,0,2542973.429,7,0,0,0,80,6888821,1658.142857,54020,229,0,27069
1,0,16800000,8.666666667,0,0,1,80,0,2901.75,1616351,229,1,1615556
0,6,0,6,0,0,0,59953,0,0,0,-1,0,0
1,0,4572451.567,8.666666667,0,0,2,80,0,1934.5,621755,229,1,621007
1,0,16800000,8.666666667,0,0,1,80,0,2901.75,570623,229,1,569602
1,0,3150292.379,7,0,0,0,80,77100000,2320.2,1120438,229,0,1115005
0,6,0,6,1,0,6,17401,8214686,6,8233792,0,0,8214686
0,1375,447016.2381,1375,1,0,5,42218,0,4.8,594992,0,0,573353
1,0,3925145.944,10,0,0,3,80,0,1933.5,978341,229,1,968798
1,0,16800000,8.666666667,0,0,1,80,0,2901.75,1838688,229,1,1837571
0,6,0,6,0,0,0,9443,0,0,0,-1,0,0
1,0,4456113.111,8.666666667,0,0,1,80,0,2320.2,827033,229,1,796832
1,6,0,6,0,0,0,80,0,0,0,-1,0,0
1,0,12800000,8.666666667,0,0,1,80,0,2900.25,8562,229,1,7493
0,6,22832.0197,84.85714286,0,1239325.262,1,443,9984324,37.64285714,85100000,192,0,10100000
0,6,0,6,1,0,5,39870,7304886,6,7311837,0,0,7304886
1,0,4439595.952,6.888888889,0,0,0,80,76300000,2321.4,789917,229,0,788717
1,0,16800000,8.666666667,0,0,1,80,0,2901.75,1870525,229,1,1869799
0,42,5461.333333,42,0,0,1,53,0,170,0,-1,0,0
1,0,7025604.278,8.666666667,0,0,1,80,0,2321.4,1454985,229,1,1453880
1,6,0,6,0,0,0,80,5038873,0,0,-1,0,0
0,0,421965.25,74.25,0,0,1,80,0,984.75,1032799,4677,1,1032355
1,6,0,6,0,0,0,80,0,0,0,-1,0,0
1,0,2706820.456,8.666666667,0,0,2,80,0,1933.5,516896,229,1,511647
1,6,0,6,0,0,0,80,5432877,0,0,-1,0,0
0,44,3072,44,0,0,1,53,0,140,0,-1,0,0
0,31,2066.7,31,0,0,1,53,0,114,48,-1,0,48
0,53,432,53,0,0,1,53,0,89,0,-1,0,0
0,0,0,0,0,0,0,80,0,0,0,-1,0,0
0,0,2399300.441,1658.142857,1,0,1,49531,6011580,6.888888889,80600000,256,0,74600000
1,6,0,6,0,0,0,80,0,0,0,-1,0,0
0,0,301914.1894,113.6,0,318166.7674,1,443,9999656,475.8235294,65700000,18,1,10200000
0,6,0,6,1,0,5,17683,8658981,6,8661310,0,0,8658981
0,62,0,62,0,0,0,137,0,0,0,-1,0,0
1,0,16800000,8.666666667,0,0,1,80,0,2901.75,1815561,229,1,1813273
0,48,9747,48,0,0,1,53,0,219,0,-1,0,0
0,46,33496.33333,46,0,0,1,53,0,363,0,-1,0,0
0,49,1816,49.5,0,0,1,53,7365911,113,7412308,-1,0,7412308
1,0,11200000,8.666666667,0,0,1,80,0,2321.4,42318,229,1,40972
0,6,355.952381,27,0,0,0,443,0,46,0,351,0,0
1,0,4731941.346,7,0,0,0,80,72600000,2321.4,1800430,229,0,1799294
1,6,0,6,0,0,0,80,6064853,0,0,-1,0,0
1,6,0,6,0,0,0,80,10100000,0,0,-1,0,0
1,0,11200000,8.666666667,0,0,1,80,0,2321.4,577072,229,1,576002
1,0,10300000,7,0,0,0,80,65000000,2901.75,543908,229,0,543010
1,6,0,6,0,0,0,80,9007788,0,0,-1,0,0
1,0,7025604.278,8.666666667,0,0,1,80,0,2321.4,1008054,229,1,1007115
1,6,0,6,0,0,0,80,7501680,0,0,-1,0,0
1,0,4572451.567,8.666666667,0,0,2,80,0,1934.5,996864,229,1,995958
0,33,7680,33,0,0,1,53,0,193,4,-1,0,4
0,6,0,6,1,0,5,40805,6227905,6,6229894,0,0,6227905
0,6,0,6,1,0,5,58180,0,6,3810916,0,0,3807207
0,52,1009.2,52,0,0,1,53,0,110,49,-1,0,49
1,0,3150292.379,7,0,0,0,80,5226636,2320.2,41230,229,0,28561
0,6,0,6,1,0,1,58223,0,6,0,256,0,0
1,6,0,6,0,0,0,80,10100000,0,0,-1,0,0
0,0,0,0,0,0,0,80,0,0,0,63,0,0
1,6,0,6,0,0,0,80,10100000,0,0,-1,0,0
1,0,11200000,8.666666667,0,0,1,80,0,2321.4,262424,229,1,261595
1,0,8593279.278,8.666666667,0,0,1,80,0,2321.4,552454,229,1,551664
1,0,4456113.111,8.666666667,0,0,1,80,0,2320.2,34037,229,1,17341
0,0,5337091.695,2595.2,1,0,1,49207,6061932,6.222222222,81200000,256,0,75100000
0,0,8.571428571,3,0,0,0,80,0,0,22997,29200,1,22997
0,0,5083184.063,2321.4,1,0,2,64244,9104452,6.8,80900000,256,0,71800000
0,6,0,6,1,0,6,55822,0,6,1666953,0,0,1661200
0,0,0,0,0,0,0,80,0,0,0,-1,0,0
1,0,16800000,8.666666667,0,0,1,80,0,2901.75,635155,229,1,634493
0,0,266989.4302,167.0769231,0,67376.01237,1,443,9980943,263.3846154,60400000,124,1,10100000
1,0,7431818.269,7,0,0,0,80,6361048,2321.4,1841134,229,0,1839668
1,6,0,6,0,0,0,80,0,0,0,-1,0,0
1,0,6192667.308,7,0,0,0,80,6233875,2900.25,1058152,229,0,1050301
1,0,3654198.233,8.666666667,0,0,2,80,0,1933.5,1429111,229,1,1425377
1,0,2262255.211,10,0,0,3,80,0,1657.285714,533686,229,1,523728
1,0,9696700.839,8.666666667,0,0,1,80,0,2900.25,44008,229,1,39002
1,6,0,6,0,0,0,80,0,0,0,-1,0,0
0,0,2916174.985,1659,1,0,1,58596,9593626,6.888888889,93700000,256,0,84100000
1,0,16800000,8.666666667,0,0,1,80,0,2901.75,471868,229,1,470901
1,0,4572451.567,8.666666667,0,0,2,80,0,1934.5,1819606,229,1,1818859
0,0,236397.1026,81.42857143,0,0,0,443,0,545,511086,11256,1,296513
1,6,0,6,0,0,0,80,8075032,0,0,-1,0,0
0,1375,402197.1429,1375,1,0,6,56295,0,5,4528913,0,0,4515361
0,0,285895.4926,44.33333333,0,0,0,443,5041428,692.5714286,369773,110,1,229166
0,0,5020038.111,1933.5,0,0,0,63036,0,13,2,256,1,2
0,6,0,6,1,0,5,19329,7420047,6,7428972,0,0,7420047
0,24,1267.5,24,0,0,1,53,0,89,1,-1,0,1
0,0,196.3023256,11.11111111,0,0,1,21,0,19.28,148469,229,1,74774
1,0,6192667.308,7,0,0,0,80,5593750,2900.25,111364,229,0,92510
1,6,0,6,0,0,0,80,0,0,0,-1,0,0
0,6,0,6,0,0,0,443,0,0,0,-1,0,0
1,6,0,6,0,0,0,80,0,0,0,-1,0,0
1,0,11400000,8.666666667,0,0,1,80,0,2321.4,107771,229,1,106906
1,0,16800000,8.666666667,0,0,1,80,0,2901.75,1221990,229,1,1221187
1,6,0,6,0,0,0,80,8631726,0,0,-1,0,0
0,32,2822.7,32,0,0,1,53,0,129,1,-1,0,1
0,6,0,6,1,0,1,10206,0,6,0,256,0,0
0,6,0,6,1,0,1,60155,0,6,0,254,0,0
0,32,1306.8,32,0,0,1,53,0,98,48,-1,0,48
0,0,0,0,1,0,1,56344,0,0,0,251,0,0
1,2,5.333333333,2,0,0,1,23,0,6,0,0,1,0
0,0,125890.1839,63.57142857,0,97685.33762,0,443,9999141,239.4615385,60900000,114,1,10100000
1,2,5.333333333,2,0,0,1,5003,0,6,0,0,1,0
0,35,2764.8,35,0,0,1,53,0,131,3,-1,0,3
0,48,0,48,0,0,1,123,0,48,0,-1,0,0
1,2,5.333333333,2,0,0,1,2492,0,6,0,0,1,0
0,0,0,0,0,0,0,80,0,0,999597,28960,1,999597
0,0,1083864.738,1231.133333,0,0,0,26708,0,4,17953,357,1,17739
1,0,12,0,0,0,1,5050,0,6,0,0,1,0
1,0,12,0,0,0,1,30951,0,6,0,0,1,0
1,2,5.333333333,2,0,0,1,8089,0,6,0,0,1,0
1,2,5.333333333,2,0,0,1,1001,0,6,0,0,1,0
0,41,5588.8,61,0,0,1,53,11600000,194.5,11700000,-1,0,11700000
0,6,0,6,0,0,0,5532,0,0,0,-1,0,0
1,0,12,0,0,0,1,19801,0,6,0,0,1,0
1,0,12,0,0,0,1,8088,0,6,0,0,1,0
0,52,1365.333333,52,0,0,1,53,0,116,0,-1,0,0
1,0,12,0,0,0,1,687,0,6,0,0,1,0
1,0,12,0,0,0,1,5822,0,6,0,0,1,0
0,37,480,37,0,0,1,53,0,77,3,-1,0,3
1,0,10.8,0,0,0,1,1059,36800000,6,36800000,0,1,36800000
1,2,5.333333333,2,0,0,1,465,0,6,0,0,1,0
1,2,5.333333333,2,0,0,1,2301,0,6,0,0,1,0
1,2,5.333333333,2,0,0,1,3371,0,6,0,0,1,0
0,0,0,0,1,0,1,51393,0,0,0,229,0,0
1,2,5.333333333,2,0,0,1,2910,0,6,0,0,1,0
1,2,5.333333333,2,0,0,1,3390,0,6,0,0,1,0
0,0,12935.47984,41.375,0,41347.2732,0,80,9211189,52,110000000,980,1,10100000
1,2,5.333333333,2,0,0,1,3128,0,6,0,0,1,0
0,37,811.2,37,0,0,1,53,0,89,4,-1,0,4
1,0,12,0,0,0,1,222,0,6,0,0,1,0
0,40,76.8,40,0,0,1,53,0,56,3,-1,0,3
1,2,5.333333333,2,0,0,1,30000,0,6,0,0,1,0
1,0,12,0,0,0,1,646,0,6,0,0,1,0
0,32,811.2,32,0,0,1,53,0,84,3,-1,0,3
1,2,5.333333333,2,0,0,1,12174,0,6,0,0,1,0
1,0,12,0,0,0,1,2998,0,6,0,0,1,0
0,42,974.7,42,0,0,1,53,0,99,49,-1,0,49
0,0,0,0,0,0,0,80,0,0,0,14480,1,0
1,0,12,0,0,0,1,50001,0,6,0,0,1,0
1,2,5.333333333,2,0,0,1,5987,0,6,0,0,1,0
1,0,12,0,0,0,1,1972,0,6,0,0,1,0
0,6,0,6,0,0,0,443,0,0,0,-1,0,0
0,32,76.8,32,0,0,1,53,0,48,48,-1,0,48
1,0,12,0,0,0,1,18101,0,6,0,0,1,0
1,2,5.333333333,2,0,0,1,726,0,6,0,0,1,0
0,78,2017.2,78,0,0,1,53,0,160,3,-1,0,3
0,33,76.8,33,0,0,1,53,0,49,2,-1,0,2
1,0,12,0,0,0,1,32776,0,6,0,0,1,0
1,2,5.333333333,2,0,0,1,19780,0,6,0,0,1,0
0,31,5713.2,31,0,0,1,53,0,169,1,-1,0,1
1,0,12,0,0,0,1,50000,0,6,0,0,1,0
1,2,5.333333333,2,0,0,1,7911,0,6,0,0,1,0
1,0,12,0,0,0,1,49400,0,6,0,0,1,0
1,0,12,0,0,0,1,84,0,6,0,0,1,0
0,56,261.3333333,56,0,0,1,53,0,84,0,-1,0,0
0,6,0,6,1,0,0,8134,0,0,0,-1,0,0
1,2,5.333333333,2,0,0,1,12174,0,6,0,0,1,0
1,2,5.333333333,2,0,0,1,3918,0,6,0,0,1,0
1,2,5.333333333,2,0,0,1,27355,0,6,0,0,1,0
0,48,1408.333333,48,0,0,1,53,0,113,0,-1,0,0
1,0,12,0,0,0,1,70,0,6,0,0,1,0
1,0,12,0,0,0,1,2007,0,6,0,0,1,0
0,34,76.8,34,0,0,1,53,0,50,3,-1,0,3
0,0,217462.2614,55.3,0,0,0,443,0,572.7142857,105766,343,1,67195
0,0,605669.1719,15.61764706,0,84902.87874,1,80,9989952,1326.135593,46100000,30,1,10100000
0,34,307.2,34,0,0,1,53,0,66,4,-1,0,4
1,0,12,0,0,0,1,32771,0,6,0,0,1,0
0,42,1323,42,0,0,1,53,0,105,0,-1,0,0
0,0,591243.2149,47.46875,0,54200.6253,1,443,5520178,856.71875,111000000,1006,1,10000000
1,2,5.333333333,2,0,0,1,9944,0,6,0,0,1,0
1,2,5.333333333,2,0,0,1,3322,0,6,0,0,1,0
1,2,5.333333333,2,0,0,1,9009,0,6,0,0,1,0
0,38,5357.142857,38,0,0,0,53,0,188,4,-1,0,4
1,0,12,0,0,0,1,1039,0,6,0,0,1,0
1,0,12,0,0,0,1,898,0,6,0,0,1,0
1,0,12,0,0,0,1,6100,0,6,0,0,1,0
1,0,12,0,0,0,1,51493,0,6,0,0,1,0
0,38,1228.8,38,0,0,1,53,0,102,3,-1,0,3
1,2,5.333333333,2,0,0,1,366,0,6,0,0,1,0
1,2,5.333333333,2,0,0,1,801,0,6,0,0,1,0
0,36,2116.8,36,0,0,1,53,0,120,3,-1,0,3
0,0,6080.425397,93.5,0,0,1,465,0,51.76190476,1772065,176,1,829112
1,0,12,0,0,0,1,5298,0,6,0,0,1,0
0,34,7300.8,34,0,0,1,53,0,190,4,-1,0,4
1,2,5.333333333,2,0,0,1,1864,0,6,0,0,1,0
1,0,12,0,0,0,1,6692,0,6,0,0,1,0
1,0,12,0,0,0,1,2119,0,6,0,0,1,0
0,0,0,0,1,0,1,443,0,0,0,252,0,0
0,6,125,14.33333333,0,0,0,8609,0,6,0,0,0,0
1,0,12,0,0,0,1,9099,0,6,0,0,1,0
1,0,12,0,0,0,1,2105,0,6,0,0,1,0
1,2,5.333333333,2,0,0,1,1022,0,6,0,0,1,0
0,50,3745.333333,50,0,0,1,53,0,156,0,-1,0,0
0,38,691.2,38,0,0,1,53,0,86,1,-1,0,1
0,31,2764.8,31,0,0,1,53,0,127,48,-1,0,48
1,2,5.333333333,2,0,0,1,6006,0,6,0,0,1,0
1,2,5.333333333,2,0,0,1,2323,0,6,0,0,1,0
0,0,0,0,1,0,1,54188,0,0,0,394,0,0
1,0,12,0,0,0,1,1022,0,6,0,0,1,0
1,2,5.333333333,2,0,0,1,3324,0,6,0,0,1,0
0,42,2822.7,42,0,0,1,53,0,139,4,-1,0,4
0,34,482.1428571,34,0,0,0,53,0,79,3,-1,0,3
1,2,5.333333333,2,0,0,1,26214,0,6,0,0,1,0
1,2,5.333333333,2,0,0,1,6006,0,6,0,0,1,0
0,0,25025.33333,137,0,0,0,46724,0,0,0,-1,0,0
1,2,5.333333333,2,0,0,1,5678,0,6,0,0,1,0
1,2,5.333333333,2,0,0,1,512,0,6,0,0,1,0
1,0,12,0,0,0,1,543,0,6,0,0,1,0
1,0,12,0,0,0,1,1060,0,6,0,0,1,0
0,31,4915.2,31,0,0,1,53,0,159,49,-1,0,49
0,51,76.8,51,0,0,1,53,0,67,49,-1,0,49
1,2,5.333333333,2,0,0,1,2121,0,6,0,0,1,0
1,0,12,0,0,0,1,11967,0,6,0,0,1,0
1,0,12,0,0,0,1,9111,0,6,0,0,1,0
0,0,0,0,0,0,0,80,0,0,0,-1,0,0
1,0,12,0,0,0,1,9594,0,6,0,0,1,0
1,0,12,0,0,0,1,8100,0,6,0,0,1,0
0,0,253502.4286,49.25,0,0,0,443,0,619.3333333,75580,119,1,38816
1,0,12,0,0,0,1,61532,0,6,0,0,1,0
0,50,568.7,51.5,0,0,1,53,105000000,86.5,105000000,-1,0,105000000
1,0,12,0,0,0,1,8291,0,6,0,0,1,0
0,0,190.5525253,10.84210526,0,0,1,21,0,19.2,157871,229,1,79368
0,6,0,6,0,0,0,55294,0,0,0,-1,0,0
1,2,5.333333333,2,0,0,1,3322,0,6,0,0,1,0
0,0,267.3333333,15.5,0,0,0,35930,0,6,0,0,0,0
1,2,5.333333333,2,0,0,1,6580,0,6,0,0,1,0
1,0,12,0,0,0,1,10617,0,6,0,0,1,0
1,2,5.333333333,2,0,0,1,898,0,6,0,0,1,0
1,2,5.333333333,2,0,0,1,3,0,6,0,0,1,0
1,2,5.333333333,2,0,0,1,32782,0,6,0,0,1,0
1,2,5.333333333,2,0,0,1,8022,0,6,0,0,1,0
1,0,0,0,0,0,0,80,0,0,0,-1,0,0
1,2,5.333333333,2,0,0,1,9500,0,6,0,0,1,0
1,2,5.333333333,2,0,0,1,50003,0,6,0,0,1,0
0,6,0,6,0,0,0,80,0,0,0,-1,0,0
1,2,5.333333333,2,0,0,1,1174,0,6,0,0,1,0
1,2,5.333333333,2,0,0,1,5566,0,6,0,0,1,0
1,0,12,0,0,0,1,5414,0,6,0,0,1,0
0,48,1186.3,53.5,0,0,1,53,0,110.5,2040551,-1,0,2040551
0,0,119973.5647,52.45,0,630252.0522,0,443,58100000,273.7058824,118000000,179,1,58800000
1,0,12,0,0,0,1,1443,0,6,0,0,1,0
0,0,267.3333333,15.5,0,0,0,43345,0,6,0,0,0,0
0,0,445772.7602,49.81818182,0,0,0,443,0,601,848664,351,1,326900
1,2,5.333333333,2,0,0,1,3690,0,6,0,0,1,0
0,0,261660.0261,54.7,0,0,0,443,0,643.2857143,108922,343,1,67063
1,2,5.333333333,2,0,0,1,1025,0,6,0,0,1,0
1,0,12,0,0,0,1,6106,0,6,0,0,1,0
0,0,189385.3548,49.53333333,0,183787.0621,1,443,9794979,381.0625,60600000,16616,1,10100000
0,0,48.05,2.818181818,0,377830.3363,0,443,10000000,0,71300000,447,0,11000000
1,2,5.333333333,2,0,0,1,135,0,6,0,0,1,0
0,45,85.33333333,45,0,0,1,53,0,61,0,-1,0,0
1,2,5.333333333,2,0,0,1,2393,0,6,0,0,1,0
1,2,5.333333333,2,0,0,1,2008,0,6,0,0,1,0
0,0,238994.9697,211.8235294,0,38957.50914,1,80,9949537,144.7058824,110000000,16060,1,10000000
0,0,0,0,1,0,1,36650,0,0,0,338,0,0
0,35,6720,35,0,0,0,53,0,203,4,-1,0,4
0,39,76.8,39,0,0,1,53,0,55,3,-1,0,3
1,2,5.333333333,2,0,0,1,636,0,6,0,0,1,0
0,44,76.8,44,0,0,1,53,0,60,48,-1,0,48
1,0,12,0,0,0,1,2119,0,6,0,0,1,0
1,2,5.333333333,2,0,0,1,1972,0,6,0,0,1,0
0,60,4915.2,60,0,0,1,53,0,188,48,-1,0,48
0,0,0,0,1,0,1,44089,0,0,0,282,0,0
0,29,874.8,29,0,0,1,53,0,83,48,-1,0,48
1,0,12,0,0,0,1,199,0,6,0,0,1,0
1,0,12,0,0,0,1,50300,0,6,0,0,1,0
0,58,691.2,58,0,0,1,53,0,106,4,-1,0,4
1,0,12,0,0,0,1,2103,0,6,0,0,1,0
0,34,720.3,34,0,0,1,53,0,83,2,-1,0,2
1,0,12,0,0,0,1,9944,0,6,0,0,1,0
0,6,0,6,0,0,0,7974,0,0,0,-1,0,0
1,2,5.333333333,2,0,0,1,1122,0,6,0,0,1,0
0,0,283884.6667,422.75,0,0,1,80,0,61.8,40135,40,1,39706
0,0,239833.9,53.45454545,0,0,0,443,0,583.3333333,375443,32,1,187563
0,35,76.8,35,0,0,1,53,0,51,47,-1,0,47
1,0,12,0,0,0,1,57294,0,6,0,0,1,0
0,0,285623.9706,111.25,0,834470.8546,1,80,9995627,444,26600000,980,1,10000000
1,0,12,0,0,0,1,10025,0,6,0,0,1,0
0,43,3888,43,0,0,1,53,0,151,0,-1,0,0
1,2,5.333333333,2,0,0,1,2190,0,6,0,0,1,0
1,2,5.333333333,2,0,0,1,545,0,6,0,0,1,0
1,2,5.333333333,2,0,0,1,8085,0,6,0,0,1,0
0,58,16725.33333,58,0,0,1,53,0,282,0,-1,0,0
1,0,12,0,0,0,1,1154,0,6,0,0,1,0
1,0,12,0,0,0,1,3001,0,6,0,0,1,0
0,0,470.2380952,24.6,0,0,0,443,0,46,0,139,0,0
1,0,12,0,0,0,1,1300,0,6,0,0,1,0
0,47,1240.333333,47,0,0,1,53,0,108,0,-1,0,0
1,0,12,0,0,0,1,1218,0,6,0,0,1,0
0,39,907.5,39,0,0,1,53,0,94,48,-1,0,48
1,2,5.333333333,2,0,0,1,10003,0,6,0,0,1,0
0,35,1116.3,35,0,0,1,53,0,96,3,-1,0,3
0,6,0,6,0,0,0,57566,0,0,0,-1,0,0
1,0,12,0,0,0,1,16000,0,6,0,0,1,0
1,2,5.333333333,2,0,0,1,2099,0,6,0,0,1,0
1,2,5.333333333,2,0,0,1,16080,0,6,0,0,1,0
0,0,25875.15556,101.8333333,0,0,0,443,5343070,47.66666667,420403,258,1,309270
1,2,5.333333333,2,0,0,1,4899,0,6,0,0,1,0
1,0,12,0,0,0,1,199,0,6,0,0,1,0
0,6,12,6,0,0,1,34544,0,0,0,29200,0,0
0,51,1240.333333,51,0,0,1,53,0,112,0,-1,0,0
1,0,10.8,0,0,0,1,5678,18400000,6,18400000,0,1,18400000
1,2,5.333333333,2,0,0,1,9071,0,6,0,0,1,0
0,0,60663.64762,187.8,0,0,1,80,0,216.2,6009643,66,1,5001043
1,2,5.333333333,2,0,0,1,3003,0,6,0,0,1,0
0,52,3536.333333,52,0,0,1,53,0,155,0,-1,0,0
1,0,12,0,0,0,1,1108,0,6,0,0,1,0
1,0,12,0,0,0,1,1149,0,6,0,0,1,0
1,2,5.333333333,2,0,0,1,9917,0,6,0,0,1,0
1,0,12,0,0,0,1,4126,0,6,0,0,1,0
0,6,0,6,1,0,1,53931,0,6,0,256,0,0
1,2,5.333333333,2,0,0,1,8086,0,6,0,0,1,0
0,6,0,6,1,0,1,80,0,6,0,11,0,0
0,35,1968.3,35,0,0,1,53,0,116,3,-1,0,3
1,0,10.8,0,0,0,1,10629,36800000,6,36800000,0,1,36800000
0,6,0,6,0,0,0,55446,0,0,0,-1,0,0
1,0,12,0,0,0,1,6106,0,6,0,0,1,0
0,0,364816.5636,19,0,0,0,443,0,750.25,89082,222,1,88647
1,2,5.333333333,2,0,0,1,3869,0,6,0,0,1,0
1,2,5.333333333,2,0,0,1,2068,0,6,0,0,1,0
1,2,5.333333333,2,0,0,1,7741,0,6,0,0,1,0
1,0,12,0,0,0,1,49163,0,6,0,0,1,0
1,0,12,0,0,0,1,5555,0,6,0,0,1,0
0,42,2210.5,51.5,0,0,1,53,0,107.5,432708,-1,0,432702
0,53,1428.7,55.5,0,0,1,53,85000000,106,85000000,-1,0,85000000
1,2,5.333333333,2,0,0,1,8181,0,6,0,0,1,0
1,2,5.333333333,2,0,0,1,7778,0,6,0,0,1,0
1,0,12,0,0,0,1,2170,0,6,0,0,1,0
1,2,5.333333333,2,0,0,1,2179,0,6,0,0,1,0
0,41,367.5,41,0,0,1,53,0,76,4,-1,0,4
1,0,12,0,0,0,1,1007,0,6,0,0,1,0
1,0,12,0,0,0,1,1041,0,6,0,0,1,0
0,6,0,6,1,0,1,7271,0,6,0,256,0,0
1,0,12,0,0,0,1,119,0,6,0,0,1,0
1,2,5.333333333,2,0,0,1,481,0,6,0,0,1,0
1,0,12,0,0,0,1,27715,0,6,0,0,1,0
0,51,85.33333333,51,0,0,1,53,0,67,0,-1,0,0
0,0,10.28571429,0,0,0,1,8080,0,6,1001231,0,1,500825
1,2,5.333333333,2,0,0,1,5280,0,6,0,0,1,0
0,0,987971.4506,470.6,0,300383.4629,1,80,9999004,83.58333333,61500000,142,1,10100000
0,0,240602.3791,87.25,0,0,0,443,5568274,602.6,112227,60,1,60125
1,0,12,0,0,0,1,1862,0,6,0,0,1,0
0,43,1633.333333,43,0,0,1,53,0,113,0,-1,0,0
1,0,12,0,0,0,1,26214,0,6,0,0,1,0
1,0,12,0,0,0,1,5440,0,6,0,0,1,0
1,2,5.333333333,2,0,0,1,2382,0,6,0,0,1,0
1,0,12,0,0,0,1,3306,0,6,0,0,1,0
0,94,5461.333333,94,0,0,1,53,0,222,0,-1,0,0
0,0,41287.13258,30.52941176,0,74344.08886,0,80,9771264,106.5333333,110000000,288,1,10000000
0,53,1452,53,0,0,1,53,0,119,0,-1,0,0
0,48,0,48,0,0,1,123,0,48,0,-1,0,0
0,0,0,0,0,0,0,80,0,0,0,-1,0,0
0,0,39812.15128,95.09090909,0,106151.7873,0,443,9998493,65.05882353,111000000,364,1,10000000
0,6,0,6,0,0,0,443,0,0,0,-1,0,0
1,0,10.28571429,0,0,0,1,8080,0,6,996647,0,1,499303
0,37,2017.2,37,0,0,1,53,0,119,3,-1,0,3
0,0,22596.69697,90.71428571,0,0,0,443,5864834,39.75,91580,939,1,63694
0,40,691.2,40,0,0,1,53,0,88,48,-1,0,48
0,6,1399.267857,47.5,0,0,0,52108,0,6,0,0,0,0
0,6,0,6,1,0,3,49666,0,6,5,2052,0,4
0,0,187468.1667,344.3333333,0,0,0,80,0,273,35373,131,1,35373
0,40,76.8,40,0,0,1,53,0,56,48,-1,0,48
0,6,0,6,0,0,0,49547,0,0,0,-1,0,0
0,31,76.8,31,0,0,1,53,0,47,49,-1,0,49
0,6,0,6,1,0,1,50807,0,6,0,254,0,0
0,0,0,0,1,0,1,80,0,0,0,1039,0,0
0,31,554.7,31,0,0,1,53,0,74,4,-1,0,4
0,39,76.8,39,0,0,1,53,0,55,48,-1,0,48
0,0,0,0,0,0,0,443,0,0,0,-1,0,0
0,0,470.2380952,24.6,0,0,0,443,0,46,0,187,0,0
0,0,0,0,1,0,0,54480,0,0,0,310,0,0
0,47,2430,47,0,0,1,53,0,137,12,-1,0,12
0,34,29016.3,34,0,0,1,53,0,345,4,-1,0,4
0,58,1037.142857,58,0,0,0,53,0,124,4,-1,0,4
0,41,1762,43.5,0,0,1,53,0,116,112020,-1,0,112020
0,0,450.25,25.33333333,0,0,0,59730,0,0,0,-1,0,0
0,23,0,23,0,0,1,53,0,23,1,-1,0,1
0,0,285052.9289,85.07692308,0,0,0,443,98600000,567.7777778,155057,978,1,63922
0,0,147887.7889,142.25,0,0,1,80,0,298.8,38318,4949,1,36014
0,0,0,0,1,0,1,39298,0,0,0,229,0,0
0,47,76.8,47,0,0,1,53,0,63,3,-1,0,3
0,41,367.5,41,0,0,1,53,0,76,3,-1,0,3
0,47,1045.333333,47,0,0,1,53,0,103,0,-1,0,0
0,0,0,0,0,0,0,38980,0,0,0,-1,0,0
0,6,0,6,0,0,0,80,0,0,0,-1,0,0
0,49,85.33333333,49,0,0,1,53,0,65,0,-1,0,0
0,34,1228.8,34,0,0,1,53,0,98,3,-1,0,3
0,0,0,0,0,0,1,443,0,0,0,362,0,0
0,0,0,0,1,0,1,443,0,0,0,252,0,0
0,44,811.2,44,0,0,1,53,0,96,48,-1,0,48
0,6,407184.0443,84.8,0,88331.22781,0,443,9547314,382.4615385,100000000,9216,0,10000000
0,30,2477.142857,30,0,0,0,53,0,132,4,-1,0,4
0,40,1116.3,40,0,0,1,53,0,101,1,-1,0,1
0,0,0,0,0,0,0,51054,0,0,0,-1,0,0
0,44,746.6666667,44,0,0,0,53,0,100,48,-1,0,48
0,47,645.3333333,47,0,0,1,53,0,91,0,-1,0,0
0,0,0,0,0,0,0,80,0,0,0,26847,1,0
0,0,1207951.812,935.7916667,0,0,1,80,0,746.6901408,14100000,211,1,10000000
0,0,221767.039,68.91666667,0,0,0,443,0,499.4444444,658952,34,1,199153
0,38,5713.2,38,0,0,1,53,0,176,1,-1,0,1
0,36,307.2,36,0,0,1,53,0,68,49,-1,0,49
0,0,0,0,0,0,0,80,0,0,0,-1,0,0
0,86,2241.333333,86,0,0,1,53,0,168,0,-1,0,0
0,48,0,48,0,0,1,123,57000000,48,65000000,-1,0,57000000
0,35,2017.2,35,0,0,1,53,0,117,4,-1,0,4
0,29,76.8,29,0,0,1,53,0,45,4,-1,0,4
0,0,10.8,4,0,0,0,80,0,0,0,29200,1,0
0,0,0,0,1,0,1,33074,0,0,0,237,0,0
0,0,207319.6495,68.8125,0,625217.452,0,443,58000000,464.1428571,117000000,118,1,58300000
0,41,1173.611111,41,0,0,1,53,0,106,2456,-1,0,2454
0,0,320420.5396,126.3333333,0,638803.0784,0,443,10000000,561.9565217,113000000,36792,1,10100000
0,35,76.8,35,0,0,1,53,0,51,49,-1,0,49
0,30,2539.2,30,0,0,1,53,0,122,49,-1,0,49
0,39,0,39,0,0,0,53,0,39,3,-1,0,3
0,49,85.33333333,49,0,0,1,53,0,65,0,-1,0,0
0,0,645989.9459,41.29545455,0,29654.3282,1,443,5403988,1205.492537,110000000,65,1,10000000
0,28,1009.2,28,0,0,1,53,0,86,4,-1,0,4
0,0,491411.85,348.6666667,0,0,0,88,0,522,1066,2081,1,848
0,6,0,6,0,0,0,3216,0,0,0,-1,0,0
0,38,1825.2,38,0,0,1,53,0,116,1,-1,0,1
0,0,22755.35606,90.71428571,0,0,0,443,0,42,119539,340,1,79007
0,48,0,48,0,0,1,123,69000000,48,69000000,-1,0,69000000
0,0,12812.03226,42.1875,0,78145.97167,0,80,9800629,18.28571429,111000000,344,1,10100000
0,6,0,6,1,0,4,88,0,6,3,0,0,1
0,40,76.8,40,0,0,1,53,0,56,48,-1,0,48
0,0,301956.3974,73.85714286,0,0,0,443,0,765.8,184634,512,1,95192
0,33,634.8,33,0,0,1,53,0,79,3,-1,0,3
0,29,243.8095238,29,0,0,0,53,0,61,3,-1,0,3
0,45,1687.5,45,0,0,1,53,0,120,48,-1,0,48
0,0,34812.12121,59.72222222,0,250085.4086,0,80,9997989,80.2,111000000,349,1,10000000
0,51,235.2,51,0,0,1,53,0,79,3,-1,0,3
0,6,0,6,0,0,0,80,0,0,0,-1,0,0
0,34,19660.8,34,0,0,1,53,0,290,4,-1,0,4
0,0,257506.4751,298.7407407,0,0,0,445,10700000,160.3636364,10700000,2050,1,10700000
0,6,0,6,1,0,1,51147,0,6,0,256,0,0
0,90,76.8,90,0,0,1,53,0,106,3,-1,0,3
0,44,894.2,50,0,0,1,53,53000000,98.5,53400000,-1,0,53400000
0,6,0,6,1,0,1,3748,0,6,0,256,0,0
0,0,0,0,1,0,1,52130,0,0,0,237,0,0
0,0,291573.859,53.71428571,0,0,0,443,0,701.6,88013,60,1,85399
0,0,297901.6737,103.8,0,0,0,443,0,668.8888889,2510635,31,1,2001188
0,45,3537.7,45.5,0,0,1,53,0,147.5,4094894,-1,0,4094894
0,0,131858.205,48.27272727,0,37855.3857,0,443,5495041,254.5789474,111000000,1006,1,10000000
0,37,4915.2,37,0,0,1,53,0,165,4,-1,0,4
0,34,410.7,34,0,0,1,53,0,71,4,-1,0,4
0,0,281714.2647,189,0,0,1,443,10000000,545.6666667,11000000,14235,1,10000000
0,0,456.3333333,18.5,0,0,0,51880,0,0,0,-1,0,0
0,46,3267,46,0,0,1,53,0,145,0,-1,0,0
0,45,1306.8,45,0,0,1,53,0,111,4,-1,0,4
0,33,750,33,0,0,1,53,0,83,3,-1,0,3
0,34,3370.8,34,0,0,1,53,0,140,49,-1,0,49
0,58,5461.333333,58,0,0,1,53,0,186,0,-1,0,0
0,57,5461.333333,57,0,0,1,53,0,185,0,-1,0,0
0,0,0,0,1,0,1,22,0,0,0,243,0,0
0,40,1080,40,0,0,1,53,0,100,16,-1,0,16
0,0,34201.15789,116.7777778,0,0,1,443,0,106.9,1105395,118,1,888665
0,31,307.2,31,0,0,1,53,0,63,3,-1,0,3
0,47,76.8,47,0,0,1,53,0,63,4,-1,0,4
0,39,2523,39,0,0,1,53,0,126,0,-1,0,0
0,38,76.8,38,0,0,1,53,0,54,2,-1,0,2
0,44,907.5,44,0,0,1,53,0,99,3,-1,0,3
0,32,76.8,32,0,0,1,53,0,48,2,-1,0,2
0,34,60.95238095,34,0,0,0,53,0,50,3,-1,0,3
0,6,47766.25862,153.7692308,0,0,1,443,27200000,27.6,436362,869,0,77055
0,6,0,6,1,0,3,135,0,6,4,2052,0,3
0,0,192005.6473,43,0,81624.84755,0,443,9697937,410.9285714,60200000,114,1,10100000
0,55,1289.2,57.5,0,0,1,53,0,122,3184590,-1,0,3184590
0,0,57449.78495,64.97560976,0,0,1,22,0,158.0454545,293048,243,1,88627
0,6,0,6,0,0,0,443,0,0,0,-1,0,0
0,36,2270.7,36,0,0,1,53,0,123,48,-1,0,48
0,0,62328.26667,92.9,0,0,0,443,0,188.6,107464,351,1,37514
0,0,0,0,1,0,1,35520,0,0,0,343,0,0
0,47,85.33333333,47,0,0,1,53,0,63,0,-1,0,0
0,47,780.3,47,0,0,1,53,0,98,3,-1,0,3
0,6,0,6,1,0,2,49902,0,6,1,250,0,1
0,0,0,0,1,0,1,80,0,0,0,972,0,0
0,46,3039.2,46.5,0,0,1,53,59800000,118,60200000,-1,0,60200000
0,0,16826.26786,68.8,0,0,0,80,0,114.5,78219,127,1,78219
0,6,0,6,1,0,1,4846,0,6,0,16560,0,0
0,54,1045.333333,54,0,0,1,53,0,110,0,-1,0,0
0,66,261.3333333,66,0,0,1,53,0,94,0,-1,0,0
0,32,1777.777778,32,0,0,1,53,0,112,5378,-1,0,5327
0,0,257936.389,78.54545455,0,515730.2893,0,80,8248145,373.9047619,112000000,1039,1,10200000
0,0,332.7,14.33333333,0,0,0,51725,0,6,0,0,0,0
0,0,291573.859,53.71428571,0,0,0,443,0,701.6,109614,60,1,104658
0,30,2539.2,30,0,0,1,53,0,122,4,-1,0,4
0,6,0,6,1,0,1,3318,0,6,0,16404,0,0
0,48,0,48,0,0,1,123,0,48,0,-1,0,0
0,6,240.25,16.33333333,0,0,0,465,0,0,0,-1,0,0
0,0,0,0,1,0,1,37038,0,0,0,499,0,0
0,43,3072,43,0,0,1,53,0,139,0,-1,0,0
0,6,0,6,0,0,1,52044,0,6,0,258,0,0
0,45,2822.7,45,0,0,1,53,0,142,50,-1,0,50
0,55,0,55,0,0,1,53,0,55,0,-1,0,0
0,0,280635.6703,47.75,0,0,0,443,5325071,606.4,180064,30016,1,92124
0,37,480,37,0,0,1,53,0,77,4,-1,0,4
0,0,282001.7739,300.24,0,0,0,445,14000000,121,14200000,2051,1,14200000
0,56,481.3333333,56,0,0,1,53,0,94,0,-1,0,0
0,6,0,6,1,0,1,50758,0,6,0,333,0,0
0,6,0,6,0,0,0,80,0,0,0,-1,0,0
0,0,26056,110.5,0,0,0,80,0,3,4904048,946,1,4904048
0,78,4915.2,78,0,0,1,53,0,206,48,-1,0,48
0,41,750,41,0,0,1,53,0,91,1,-1,0,1
0,36,811.2,36,0,0,1,53,0,88,49,-1,0,49
0,0,266478.7353,62,0,0,0,443,0,568.875,56576,61,1,29730
0,6,0,6,0,0,0,443,0,0,0,-1,0,0
0,0,12,0,1,0,1,35902,0,6,0,0,0,0
0,0,267.3333333,15.5,0,0,0,60606,0,6,0,0,0,0
0,47,23232,47,0,0,1,53,0,311,0,-1,0,0
0,29,19660.8,29,0,0,1,53,0,285,3,-1,0,3
0,28,19660.8,28,0,0,1,53,0,284,4,-1,0,4
0,39,1080,39,0,0,1,53,0,99,3,-1,0,3
0,23,0,23,0,0,1,53,0,23,3,-1,0,3
0,0,0,0,0,0,0,443,0,0,0,-1,0,0
0,6,0,6,0,0,0,53164,0,0,0,-1,0,0
0,0,367797.9974,271.35,0,1002247.027,0,443,6327199,194.2631579,110000000,21900,1,10000000
0,0,0,0,1,0,1,38380,0,0,0,229,0,0
0,43,1067.777778,43,0,0,1,53,0,105,29834,-1,0,29827
0,0,0,0,0,0,0,443,0,0,0,-1,0,0
0,6,0,6,1,0,1,2475,0,6,0,256,0,0
0,6,0,6,0,0,0,51954,0,0,0,-1,0,0
0,6,1413160.333,1035.5,0,0,0,64224,0,0,0,-1,0,0
0,0,275926.8667,65.11111111,0,0,0,443,5699144,671,308594,4913,1,167038
0,0,38507.6625,142.4285714,0,0,1,443,9980096,93.5,10400000,239,1,9999264
0,42,1080,42,0,0,1,53,0,102,3,-1,0,3
0,54,972,54,0,0,1,53,0,108,0,-1,0,0
0,30,2477.142857,30,0,0,0,53,0,132,3,-1,0,3
0,6,0,6,1,0,1,50851,0,6,0,253,0,0
0,29,9610,29,0,0,1,53,0,215,55827,-1,0,55775
0,0,148026.2256,150.8709677,0,1706616.359,1,443,8400424,358.6585366,69800000,428,1,58400000
0,0,288418.2763,319.12,0,0,0,445,10700000,168.4,10700000,2051,1,10700000
0,0,3799921.562,77.1682243,0,530636.393,1,443,9768382,2269.458333,112000000,1525,1,10000000
0,0,0,0,0,0,0,50142,0,0,0,-1,0,0
0,0,1314213.962,1319.071429,0,0,0,34779,0,4,23858,357,1,23634
0,53,711.2,72.5,0,0,1,53,44800000,117,44800000,-1,0,44800000
0,43,7178.8,45,0,0,1,53,0,173,1606736,-1,0,1606736
0,23,0,23,0,0,1,53,0,23,1,-1,0,1
0,52,1728,52,0,0,1,53,0,124,0,-1,0,0
0,6,9,6,0,0,0,443,0,0,0,118,0,0
0,36,4915.2,36,0,0,1,53,0,164,3,-1,0,3
0,6,0,6,1,0,1,1469,0,6,0,16233,0,0
0,43,974.7,43,0,0,1,53,0,100,48,-1,0,48
0,6,0,6,1,0,1,53014,0,6,0,256,0,0
0,48,0,48,0,0,1,123,0,48,0,-1,0,0
0,0,0,0,1,0,1,80,0,0,0,110,0,0
0,0,468248.7619,330.1666667,0,0,0,443,0,571,1346327,513,1,984740
0,6,82198.39839,180.0571429,0,28860.62566,1,443,9999135,238.3428571,111000000,65535,0,10100000
0,0,10.8,4,0,0,0,80,0,0,0,42780,1,0
0,0,0,0,0,0,0,443,0,0,0,-1,0,0
0,46,2116.8,46,0,0,1,53,0,130,4,-1,0,4
0,38,2116.8,38,0,0,1,53,0,122,3,-1,0,3
0,0,228.1666667,7.4,0,0,0,443,0,0,0,-1,0,0
0,37,480,37,0,0,1,53,0,77,3,-1,0,3
0,0,3913.858065,26.25,0,27962.5687,0,80,9987016,8.714285714,110000000,343,1,10100000
0,39,1228.8,39,0,0,1,53,0,103,48,-1,0,48
0,33,3307.5,33,0,0,1,53,0,138,3,-1,0,3
0,0,314600.6092,269.9565217,0,624514.7091,0,443,9256938,345.7777778,61900000,136,1,10300000
0,6,156.25,14.33333333,0,0,0,50496,0,0,0,-1,0,0
0,44,1116.3,44,0,0,1,53,0,105,3,-1,0,3
0,61,1037.142857,61,0,0,0,53,0,127,3,-1,0,3
0,6,0,6,1,0,1,50867,0,6,0,253,0,0
0,55,1083,55,0,0,1,53,0,112,0,-1,0,0
0,0,0,0,0,0,1,50334,0,0,0,309,0,0
0,0,60784.57343,74.91428571,0,0,1,22,0,167.5714286,599752,245,1,193433
0,32,2822.7,32,0,0,1,53,0,129,3,-1,0,3
0,47,1190.7,47,0,0,1,53,0,110,49,-1,0,49
0,0,0,0,1,0,1,443,0,0,0,127,0,0
0,34,607.5,34,0,0,1,53,0,79,5,-1,0,5
0,0,954534.1828,30.2,0,0,1,80,0,1555.75,8851704,130,1,8134295
0,34,720.3,34,0,0,1,53,0,83,47,-1,0,47
0,48,0,48,0,0,1,123,0,48,0,-1,0,0
0,0,194592.7973,81.88235294,0,263436.874,0,443,58200000,412.7333333,118000000,33,1,59000000
0,36,76.8,36,0,0,1,53,0,52,3,-1,0,3
0,0,468285.3881,36.8,0,81487.69257,1,443,58000000,1066.848485,116000000,32,1,58200000
0,6,0,6,1,0,2,389,0,6,3,0,0,3
0,0,465043.2573,829.4545455,0,0,0,80,0,25.42857143,475459,4608,1,193561
0,37,0,37,1,0,0,443,0,0,0,-1,0,0
0,0,165495.8462,48.15384615,0,100633.3158,0,443,57800000,356,117000000,176,1,58700000
0,0,0,0,1,0,1,80,0,0,0,32,0,0
0,35,307.2,35,0,0,1,53,0,67,3,-1,0,3
0,43,1298.3,45.5,0,0,1,53,41400000,94,41700000,-1,0,41700000
0,43,2133.333333,43,0,0,1,53,0,123,0,-1,0,0
0,40,145.2,40,0,0,1,53,0,62,1,-1,0,1
0,77,2241.333333,77,0,0,1,53,0,159,0,-1,0,0
0,43,5964.3,43,0,0,1,53,0,184,4,-1,0,4
0,0,628908.2857,144.3333333,0,0,1,80,0,569.75,408256,237,1,406996
0,38,4465.2,38,0,0,1,53,0,160,4,-1,0,4
0,6,0,6,0,0,0,4008,0,0,0,-1,0,0
0,6,0,6,1,0,0,40916,0,6,0,381,0,0
0,0,108086.1668,105.3611111,0,0,1,443,58700000,340.35,61600000,8192,1,58700000
0,0,132713.6026,95.83333333,0,0,1,443,0,251.8333333,217965,17,1,108829
0,0,188789.4571,78.11111111,0,0,1,443,0,359.0909091,5032267,254,1,2027009
0,37,480,37,0,0,1,53,0,77,3,-1,0,3
0,6,0,6,0,0,0,80,0,0,0,-1,0,0
0,0,445.5,25.66666667,0,0,0,42368,0,6,4,0,0,4
0,34,974.7,34,0,0,1,53,0,91,48,-1,0,48
0,30,3121.2,30,0,0,1,53,0,132,65,-1,0,65
0,0,0,0,1,0,1,48360,0,0,0,622,0,0
0,0,0,0,1,0,0,80,0,0,0,-1,0,0
0,86,2352,86,0,0,1,53,0,170,0,-1,0,0
0,0,0,0,0,0,0,50591,0,0,0,32832,0,0
0,0,95738.8515519568,63.35,0,167729.482928966,0,443,9799591,183.5555555556,111576180,5504,1,10117615
0,53,1306.8,53,0,0,1,53,0,119,4,-1,0,4
0,41,76.8,41,0,0,1,53,0,57,49,-1,0,49
0,6,0,6,0,0,0,80,0,0,0,-1,0,0
0,38,1228.8,38,0,0,1,53,0,102,49,-1,0,49
0,32,720.3,32,0,0,1,53,0,81,4,-1,0,4
0,6,0,6,1,0,1,53718,0,6,0,64181,0,0
0,51,1116.3,51,0,0,1,53,0,112,3,-1,0,3
0,0,168.2,7.25,0,0,0,443,0,0,0,-1,0,0
0,49,5461.3333333333,49,0,0,1,53,0,177,0,-1,0,0
0,0,314350.157142857,88,0,222049.203669667,1,443,9800605,513.2727272727,30079241,245,1,10025401
0,0,146404.060606061,148,0,0,0,443,0,193.2,127751,8192,1,66605
0,55,27648,55,0,0,1,53,0,343,0,-1,0,0
0,0,0,0,1,0,1,64382,0,0,0,32832,0,0
0,0,10.8,4,0,0,0,80,0,0,0,4380,1,0
0,0,267.3333333333,15.5,0,0,0,59049,0,6,0,0,0,0
0,56,1240.3333333333,56,0,0,1,53,0,117,0,-1,0,0
0,0,0,0,1,0,1,443,0,0,0,357,0,0
0,0,35918.8451612903,32.625,0,98958.6809775584,0,80,9999525,70.3571428571,110952675,119,1,10100716
0,30,6049.2,30,0,0,1,53,0,172,2,-1,0,2
0,0,10.8,4,0,0,0,80,0,0,0,65535,1,0
0,0,394440.329545455,88.2222222222,0,0,0,443,0,872.5,352875,362,1,175575
0,0,98264.2727272727,192.6,0,13935.6604436245,1,80,9035535,112,69484937,113,1,45051558
0,0,456.3333333333,18.5,0,0,0,443,0,0,0,122,0,0
0,6,0,6,0,0,0,80,0,0,0,-1,0,0
0,35,874.8,35,0,0,1,53,0,89,3,-1,0,3
0,0,485638.728531073,43.4,0,161776.132040545,0,443,58143963,919.2068965517,116802132,126,1,58407140
0,0,375583.144153226,43.9375,0,228396.231374703,0,443,9997976,464.6666666667,65548874,235,1,10080178
0,38,504.3,38,0,0,1,53,0,79,49,-1,0,49
0,0,10.8,4,0,0,0,80,0,0,0,29200,1,0
0,6,0,6,1,0,1,80,0,6,0,512,0,0
0,0,391.3333333333,18.5,0,0,0,53308,0,6,0,0,0,0
0,44,750,44,0,0,1,53,0,94,4,-1,0,4
0,0,26071.6766666667,44.4166666667,0,36821.1125064722,1,80,9996910,52.4166666667,90104349,60,1,10112717
0,54,972,54,0,0,1,53,0,108,0,-1,0,0
0,6,0,6,0,0,0,52988,0,0,0,-1,0,0
0,30,6750,30,0,0,1,53,0,180,4,-1,0,4
0,6,320.3333333333,21.5,1,0,0,49658,0,6,0,0,0,0
0,42,2822.7,42,0,0,1,53,0,139,3,-1,0,3
0,6,0,6,0,0,0,80,0,0,0,-1,0,0
0,44,750,44,0,0,1,53,0,94,46,-1,0,46
0,0,175280.064516129,83.75,0,438878.103529177,0,443,9882931,380.5333333333,61409554,118,1,10131410
0,6,208.3333333333,18.5,0,0,0,64953,0,0,0,-1,0,0
0,51,1116.3,51,0,0,1,53,0,112,3,-1,0,3
0,42,1333,47.5,0,0,1,53,65818851,101,65879533,-1,0,65879533
0,36,8772.3,36,0,0,1,53,0,207,4,-1,0,4
0,0,456.3333333333,18.5,0,0,0,55868,0,0,0,-1,0,0
0,0,244962.221052632,183.6666666667,0,0,1,443,0,594.1,7987315,32160,1,4999465
0,6,0,6,1,0,1,53018,0,6,0,255,0,0
0,32,410.7,32,0,0,1,53,0,69,2,-1,0,2
0,55,27456.3333333333,55,0,0,1,53,0,342,0,-1,0,0
0,47,780.3,47,0,0,1,53,0,98,2,-1,0,2
0,61,261.3333333333,61,0,0,1,53,0,89,0,-1,0,0
0,0,0,0,1,0,0,80,0,0,0,-1,0,0
0,0,657701.68220339,38.6785714286,0,195348.289790003,1,443,5328285,886.8387096774,111166085,972,1,10049239
0,6,0,6,0,0,0,80,0,0,0,-1,0,0
0,0,265933.330049261,113.76923076920001,0,1424733.18995681,1,443,15239693,590.6,67303149,118,1,45047707
0,6,208.3333333333,18.5,0,0,0,58441,0,6,0,0,0,0
0,0,0,0,0,0,1,443,0,0,0,383,0,0
0,6,0,6,0,0,0,443,0,0,0,-1,0,0
0,6,0,6,1,0,1,59527,0,6,0,32850,0,0
0,37,1920,37,0,0,1,53,0,117,3,-1,0,3
0,0,185425.047619048,269.1666666667,0,0,0,443,0,59.875,113201,1120,1,40889
0,0,223401.764455782,27.6153846154,0,58725.3010123611,0,443,5439879,439.1818181818,110708393,357,1,10048174
0,39,842.7,39,0,0,1,53,0,92,3,-1,0,3
0,0,229025.607843137,119.7894736842,0,197131.925572107,0,443,9438689,460.8571428571,60864555,134,1,10240165
0,40,3267,40,0,0,1,53,0,139,0,-1,0,0
0,0,456.3333333333,18.5,0,0,0,56162,0,0,0,-1,0,0
0,74,4915.2,74,0,0,1,53,0,202,4,-1,0,4
0,0,10.8,4,0,0,0,80,0,0,0,29200,1,0
0,38,1968.3,38,0,0,1,53,0,119,4,-1,0,4
0,50,3400.3333333333,50,0,0,1,53,0,151,0,-1,0,0
0,32,76.8,32,0,0,1,53,0,48,3,-1,0,3
0,70,2017.2,70,0,0,1,53,0,152,3,-1,0,3
0,32,580.8,32,0,0,1,53,0,76,2,-1,0,2
0,38,548.5714285714,38,0,0,0,53,0,86,48,-1,0,48
0,0,186553.247619048,85.1,0,0,1,443,0,395,843905,254,1,389248
0,0,0,0,0,0,0,33146,0,0,0,-1,0,0
0,43,76.8,43,0,0,1,53,0,59,3,-1,0,3
0,0,456.3333333333,18.5,0,0,0,63401,0,0,0,-1,0,0
0,6,0,6,0,0,0,49382,0,0,0,-1,0,0
0,0,0,0,1,0,1,22,0,0,0,243,0,0
0,6,0,6,0,0,0,443,0,0,0,-1,0,0
0,38,85.3333333333,38,0,0,1,53,0,54,0,-1,0,0
0,0,22755.3560606061,90.7142857143,0,0,0,443,5746379,42,114312,340,1,76782
0,0,5704.1666666667,46.25,0,0,0,443,0,0,0,17898,1,0
0,39,12484.8,39,0,0,1,53,0,243,3,-1,0,3
0,0,456.3333333333,18.5,0,0,0,54732,0,0,0,-1,0,0
0,30,6750,30,0,0,1,53,0,180,48,-1,0,48
0,0,10.8,0,0,0,3,37578,0,6,4,0,0,3
0,47,3605.3333333333,47,0,0,1,53,0,151,0,-1,0,0
0,6,0,6,1,0,0,56197,0,6,0,32850,0,0
0,45,4177.2,45,0,0,1,53,0,163,3,-1,0,3
0,0,0,0,1,0,1,443,0,0,0,254,0,0
0,0,456.3333333333,18.5,0,0,0,443,0,0,0,1073,0,0
0,6,0,6,0,0,0,443,0,0,0,-1,0,0
0,0,261859.104040404,90.347826087,0,889404.775078897,0,443,10004633,489,82909455,379,1,10064173
0,0,40842.2784090909,55.8823529412,0,56598.0662253311,0,80,6379564,99.8666666667,116968506,351,1,10045118
0,41,76.8,41,0,0,1,53,0,57,4,-1,0,4
0,46,2764.8,46,0,0,1,53,0,142,4,-1,0,4
0,0,227934.848484848,81.25,0,0,0,443,0,534.3333333333,194870,972,1,91252
0,43,2241.3333333333,43,0,0,1,53,0,125,0,-1,0,0
0,0,12,3,0,0,0,50023,0,0,0,-1,0,0
0,6,0,6,1,0,1,55710,0,6,0,256,0,0
0,46,907.5,46,0,0,1,53,0,101,4,-1,0,4
0,45,76.8,45,0,0,1,53,0,61,3,-1,0,3
0,6,0,6,0,0,0,80,0,0,0,-1,0,0
0,0,0,0,0,0,0,443,0,0,0,-1,0,0
0,40,76.8,40,0,0,1,53,0,56,3,-1,0,3
0,6,552.25,21.6666666667,0,0,0,443,0,0,0,-1,0,0
0,55,385.3333333333,55,0,0,1,53,0,89,0,-1,0,0
0,0,307518.777777778,96.5454545455,0,0,0,443,0,649,68734,58,1,33478
0,237,0,237,0,0,0,138,0,0,0,-1,0,0
0,0,0,0,0,0,0,80,0,0,0,65535,1,0
0,71,2241.3333333333,71,0,0,1,53,0,153,0,-1,0,0
0,47,1968.3,47,0,0,1,53,0,128,3,-1,0,3
0,40,76.8,40,0,0,1,53,0,56,4,-1,0,4
0,41,2218.8,41,0,0,1,53,0,127,4,-1,0,4
0,0,0,0,0,0,0,62257,0,0,0,65535,0,0
0,0,123944.8,181.2,0,0,0,443,7642750,0,0,-1,0,0
0,6,355.9523809524,27,0,0,0,443,0,46,0,180,0,0
0,0,10.8,4,0,0,0,80,0,0,0,42780,1,0
0,0,255436.783333333,43,0,0,0,443,5868486,683.1666666667,79374,349,1,40493
0,39,504.3,39,0,0,1,53,0,80,4,-1,0,4
0,48,3998.3,49.5,0,0,1,53,119594809,164,119626102,-1,0,119626102
0,6,0,6,0,0,0,80,0,0,0,-1,0,0
0,0,629729.956043956,39.5555555556,0,0,0,443,5167445,1061,56418,59,1,30806
0,0,44554.9233511586,48.5555555556,0,1063633.84290566,0,80,10004152,106.1333333333,114018651,287,1,10049288
0,0,19506.6666666667,71.3,0,0,0,443,0,95.8,51468,972,1,23749
0,49,1323,49,0,0,1,53,0,112,0,-1,0,0
0,51,1240.3333333333,51,0,0,1,53,0,112,0,-1,0,0
0,43,539.2,45,0,0,1,53,50709268,81,50756109,-1,0,50756109
0,43,940.8,43,0,0,1,53,0,99,48,-1,0,48
0,64,936.3333333333,64,0,0,1,53,0,117,0,-1,0,0
0,0,0,0,1,0,1,61547,0,0,0,33304,0,0
0,0,410032.545454545,55.7142857143,0,0,0,443,0,844.5,81996,60,1,42575
0,0,168.2,7.25,0,0,0,443,0,0,0,-1,0,0
0,0,767971.637931034,34.7692307692,0,37518.8457978121,1,80,9986316,925.1875,46042356,30,1,10041755
0,55,1045.3333333333,55,0,0,1,53,0,111,0,-1,0,0
0,0,342.25,12.3333333333,0,0,0,443,104576921,0,0,-1,0,0
0,0,25851.447311828,27.3125,0,7554.95733217,0,80,10011223,56.8571428571,110538914,285,1,10049128
0,28,19660.8,28,0,0,1,53,0,284,4,-1,0,4
0,50,85.3333333333,50,0,0,1,53,0,66,0,-1,0,0
0,30,1306.8,30,0,0,1,53,0,96,3,-1,0,3
0,35,29016.3,35,0,0,1,53,0,346,47,-1,0,47
0,0,40205.9636363636,205.2,0,0,1,443,0,98.8,104552,131,1,47033
0,6,0,6,0,0,0,49404,0,0,0,-1,0,0
0,0,12,0,0,0,1,443,0,6,0,0,0,0
0,0,0,0,1,0,1,43522,0,0,0,241,0,0
0,0,169630.287449393,43.85,0,638194.085818855,0,80,10188200,268.1111111111,114728645,972,1,10241825
0,0,0,0,1,0,0,56127,0,0,0,32832,0,0
0,52,5461.3333333333,52,0,0,1,53,0,180,0,-1,0,0
0,39,1732.8,39,0,0,1,53,0,115,3,-1,0,3
0,0,160032.735449735,60.6428571429,0,190298.342932792,0,443,9797553,283.4615384615,61061673,123,1,10053457
0,0,262953.066666667,77.5,0,0,0,443,0,647.3333333333,976364,34944,1,896296
0,0,0,0,1,0,1,36948,0,0,0,257,0,0
0,6,0,6,1,0,1,64952,0,6,0,258,0,0
0,6,208.3333333333,18.5,0,0,0,63702,0,0,0,-1,0,0
0,0,62035.3636363636,163,0,0,1,80,10128705,47.8,15042881,30155,1,10163769
0,0,0,0,1,0,1,80,0,0,0,75,0,0
0,37,480,37,0,0,1,53,0,77,3,-1,0,3
0,0,931045.276195074,25.2849162011,0,0,1,80,5944989,1632.9299610895,13238140,207,1,5944998
0,0,0,0,0,0,0,80,0,0,0,-1,0,0
0,46,1365.3333333333,46,0,0,1,53,0,110,0,-1,0,0
0,44,5808,44,0,0,1,53,0,176,0,-1,0,0
0,40,76.8,40,0,0,1,53,0,56,3,-1,0,3
0,30,6049.2,30,0,0,1,53,0,172,3,-1,0,3
0,41,76.8,41,0,0,1,53,0,57,48,-1,0,48
0,39,307.2,39,0,0,1,53,0,71,3,-1,0,3
0,0,57449.7849521204,64.9756097561,0,0,1,22,0,158.0454545455,370936,243,1,114715
0,51,341.3333333333,51,0,0,1,53,0,83,0,-1,0,0
0,39,1428.3,39,0,0,1,53,0,108,2,-1,0,2
0,44,9747,44,0,0,1,53,0,215,0,-1,0,0
0,6,7.2,6,0,0,0,443,0,0,0,972,0,0
0,0,94879.1323529412,115.2,0,0,0,443,0,186.5,279010,68,1,89250
0,39,1920,39,0,0,1,53,0,119,1,-1,0,1
0,6,0,6,1,0,0,80,0,0,0,-1,0,0
0,6,0,6,1,0,0,58930,0,6,0,32850,0,0
0,0,0,0,0,0,0,443,8016018,0,0,-1,1,0
0,6,0,6,1,0,1,50919,0,6,0,256,0,0
0,0,200572.828282828,203.7,0,0,1,443,0,542.9583333333,5502115,139,1,2120484
0,37,480,37,0,0,1,53,0,77,57,-1,0,57
0,0,993170.288823112,11.2083333333,0,0,1,80,0,1690.4311926606,7373282,35,1,4362060
0,44,1160.3333333333,44,0,0,1,53,0,103,0,-1,0,0
0,22,307.2,22,0,0,1,53,0,54,4,-1,0,4
0,6,268814.722096531,164.7272727273,0,750614.354326175,1,443,58599503,379.9310344828,118631825,590,0,58874352
0,28,2017.2,28,0,0,1,53,0,110,3,-1,0,3
0,40,2240.2380952381,40,0,0,0,53,0,137,3,-1,0,3
0,45,76.8,45,0,0,1,53,0,61,4,-1,0,4
0,35,750,35,0,0,1,53,0,85,3,-1,0,3
0,0,216325.186842105,82.4166666667,0,0,0,443,0,609.1428571429,824026,62,1,513411
0,40,76.8,40,0,0,1,53,0,56,15,-1,0,15
0,57,341.3333333333,57,0,0,1,53,0,89,0,-1,0,0
0,0,456.3333333333,18.5,0,0,0,64192,0,0,0,-1,0,0
0,0,0,0,1,0,1,80,0,0,0,81,0,0
0,0,1163029.59042096,15.6444444444,0,68285.6252112323,1,443,6540603,1425.6862745098,97169870,1006,1,10052179
0,0,179760.290476191,58.9166666667,0,0,0,443,0,379.125,159464,175,1,53662
0,6,0,6,1,0,1,51060,0,6,0,64240,0,0
0,45,2760.3333333333,45,0,0,1,53,0,136,0,-1,0,0
0,44,907.5,44,0,0,1,53,0,99,4,-1,0,4
0,0,170862.47368421,48.2222222222,0,20341.4064975852,1,80,9996913,197,58356085,939,1,10048435
0,50,0,50,0,0,0,137,0,0,0,-1,0,0
0,43,85.3333333333,43,0,0,1,53,0,59,0,-1,0,0
0,0,456.3333333333,18.5,0,0,0,64972,0,0,0,-1,0,0
0,0,285067.230769231,59.3333333333,0,0,1,443,0,630.3333333333,177441,60,1,88389
0,0,0,0,1,0,1,49959,0,0,0,33304,0,0
0,0,0,0,0,0,0,45401,0,0,0,-1,0,0
0,35,662.7,35,0,0,1,53,0,82,47,-1,0,47
0,56,85.3333333333,56,0,0,1,53,0,72,0,-1,0,0
0,47,1190.7,47,0,0,1,53,0,110,1,-1,0,1
0,0,521322.65,358.4444444444,0,0,0,88,0,538.6666666667,1049,2081,1,809
0,0,456.3333333333,18.5,0,0,0,465,0,0,0,-1,0,0
0,6,0,6,1,0,1,59724,0,6,0,1583,0,0
0,6,0,6,0,0,0,443,0,0,0,-1,0,0
0,45,23688.3,45,0,0,1,53,0,326,3,-1,0,3
0,0,0,0,1,0,1,41907,0,0,0,395,0,0
0,0,21134.0666666667,80.3333333333,0,0,1,443,0,80.5,2008812,114,1,1767513
0,33,634.8,33,0,0,1,53,0,79,4,-1,0,4
0,6,0,6,1,0,1,80,0,6,0,980,0,0
0,0,0,0,1,0,1,80,0,0,0,210,0,0
0,45,85.3333333333,45,0,0,1,53,0,61,0,-1,0,0
0,49,1869.4761904762,53,0,15813.0289476748,1,53,11981618,119.3333333333,98641344,-1,0,86636372
0,39,975.2380952381,39,0,0,0,53,0,103,3,-1,0,3
0,52,341.3333333333,52,0,0,1,53,0,84,0,-1,0,0
0,45,1083,45,0,0,1,53,0,102,0,-1,0,0
0,0,57162.4934021802,69.4871794872,0,0,1,22,0,153.2272727273,480280,245,1,90528
0,45,32240.3333333333,45,0,0,1,53,0,356,0,-1,0,0
0,50,261.3333333333,50,0,0,1,53,0,78,0,-1,0,0
0,55,1875,55,0,0,1,53,0,130,0,-1,0,0
0,56,2700,56,0,0,1,53,0,146,0,-1,0,0
0,6,0,6,0,0,1,443,0,6,0,31,0,0
0,37,5964.3,37,0,0,1,53,0,178,4,-1,0,4
0,0,215524.239473684,98.3333333333,0,0,0,443,0,521.8571428571,58986,32,1,25264
0,49,5461.3333333333,49,0,0,1,53,0,177,0,-1,0,0
0,6,0,6,0,0,0,57191,0,0,0,-1,0,0
0,34,1346.7,34,0,0,1,53,0,101,3,-1,0,3
0,35,1116.3,35,0,0,1,53,0,96,48,-1,0,48
0,0,24111.1904761905,44.3,0,33599.3923913315,1,80,10125180,66.8,65081803,237,1,10240140
0,50,85.3333333333,50,0,0,1,53,0,66,0,-1,0,0
0,0,106194.523076923,60.4545454545,0,64561.0624783494,0,443,5029967,201.0588235294,110719830,1032,1,10053634
0,48,901.3333333333,48,0,0,1,53,0,100,0,-1,0,0
0,39,76.8,39,0,0,1,53,0,55,3,-1,0,3
0,0,304869.127058824,191.92,0,190459.553289338,1,443,5336681,394.76,110578447,41,1,10017415
0,0,0,0,0,0,0,80,0,0,0,-1,0,0
0,43,76.8,43,0,0,1,53,0,59,48,-1,0,48
0,0,966052.691823899,14.4509803922,0,88416.7327436077,1,443,9999538,1324.8703703704,110785861,1006,1,10048249
0,42,1121.333333,42,0,0,1,53,0,100,0,-1,0,0
0,0,0,0,1,0,1,53144,0,0,0,252,0,0
0,2,0,2,0,0,0,33,0,0,0,-1,1,0
0,36,974.7,36,0,0,1,53,0,93,3,-1,0,3
0,58,1008.333333,58,0,0,1,53,0,113,0,-1,0,0
0,2,4.8,2,0,0,1,1216,0,6,3,0,1,3
0,2,0,2,0,0,0,2135,0,0,0,-1,1,0
0,0,4.457142857,0,0,2126090.486,2,135,6014573,1.2,21000000,0,1,12000000
0,57,1240.333333,57,0,0,1,53,0,118,0,-1,0,0
0,38,811.2,38,0,0,1,53,0,90,4,-1,0,4
0,0,244670.1232,57.07692308,0,207542.5986,1,443,9990779,376.1333333,65500000,6612,1,10100000
0,0,154258.0695,75.36363636,0,127240.6711,0,443,5327284,252,111000000,1063,1,10000000
0,0,0,0,0,0,0,443,0,0,0,-1,0,0
0,0,304394.3222,24.2,0,0,0,443,0,777.5,29401,4050,1,29140
0,6,0,6,0,0,0,58156,0,0,0,-1,0,0
0,0,0,0,1,0,1,42782,0,0,0,229,0,0
0,2,4.8,2,0,0,1,3404,0,6,3,0,1,3
0,0,1394825.575,62.85,0,0,1,443,0,1757.96,74297,62,1,23662
0,0,0,0,0,0,0,443,0,0,0,-1,0,0
0,0,0,0,1,0,0,54121,0,0,0,33304,0,0
0,0,22451.53788,90.71428571,0,0,0,443,5129269,37.5,424727,235,1,408354
0,0,102699.7143,145.6666667,0,0,1,80,0,214.75,28260,31,1,27661
0,30,1760.952381,30,0,0,0,53,0,116,3,-1,0,3
0,0,115406,147,0,0,1,80,0,229.75,239544,4821,1,238680
0,0,0,0,1,0,1,80,0,0,0,123,0,0
0,2,4.8,2,0,0,1,1088,0,6,1,0,1,1
0,0,250132.1167,39.44444444,0,0,0,443,5497118,609.8333333,127215,110,1,62966
0,41,1228.8,41,0,0,1,53,0,105,4,-1,0,4
0,30,3121.2,30,0,0,1,53,0,132,48,-1,0,48
0,6,0,6,1,0,1,49152,0,6,0,229,0,0
0,6,0,6,0,0,0,80,0,0,0,-1,0,0
0,43,3745.333333,43,0,0,1,53,0,149,0,-1,0,0
0,0,320.3333333,15.5,0,0,0,60278,0,0,0,-1,0,0
0,6,13106.25,84.33333333,0,0,0,58022,0,0,0,-1,0,0
0,50,974.7,50,0,0,1,53,0,107,2,-1,0,2
0,46,456.3,46,0,0,1,53,0,85,3,-1,0,3
0,30,2890,30,0,0,1,53,0,132,265,-1,0,212
0,33,4687.5,33,0,0,1,53,0,158,4,-1,0,4
0,6,0,6,1,0,1,58119,0,6,0,64240,0,0
0,2,4.8,2,0,0,1,1213,0,6,49,0,1,49
0,6,355.8333333,26.71428571,0,12.72792206,0,443,6187899,46,58100000,368,0,58100000
0,0,196012.6605,78.11111111,0,0,1,443,0,395,552835,252,1,236482
0,44,5808,44,0,0,1,53,0,176,0,-1,0,0
0,57,2523,57,0,0,1,53,0,144,0,-1,0,0
0,0,44381.16374,122.0909091,0,71151.91275,0,443,9960018,85.14285714,20100000,123,1,10000000
0,32,940.8,32,0,0,1,53,0,88,48,-1,0,48
0,49,588,49,0,0,1,53,0,91,0,-1,0,0
0,33,76.8,33,0,0,1,53,0,49,3,-1,0,3
0,35,76.8,35,0,0,1,53,0,51,3,-1,0,3
0,2,0,2,0,0,0,9575,0,0,0,-1,1,0
0,47,2080.333333,47,0,0,1,53,0,126,0,-1,0,0
0,48,0,48,0,0,1,123,0,48,0,-1,0,0
0,39,5148.3,39,0,0,1,53,0,170,49,-1,0,49
0,6,355.952381,27,0,0,0,443,5156721,46,0,33,0,0
0,2,4.8,2,0,0,1,1121,0,6,49,0,1,49
0,44,3511.5,44.5,0,0,1,53,92400000,143.5,92400000,-1,0,92400000
0,2,4.8,2,0,0,1,44501,0,6,48,0,1,48
0,6,4.8,6,0,0,1,50746,0,2,3,1024,0,3
0,0,175123.3862,77.21428571,0,93858.29611,0,443,9985858,302.6923077,61000000,31410,1,10100000
0,0,0,0,0,0,0,52056,0,0,0,-1,0,0
0,6,355.8333333,26.71428571,0,0,0,443,58700000,46,58800000,828,0,58800000
0,0,293629.3636,145.6,0,0,1,443,9998382,578.25,10200000,9,1,9998524
0,0,0,0,0,0,1,58438,0,0,0,328,0,0
0,0,178727.0265,77.35714286,0,0,0,443,0,398.5384615,197388,360,1,75165
0,35,691.2,35,0,0,1,53,0,83,3,-1,0,3
0,46,4915.2,46,0,0,1,53,0,174,49,-1,0,49
0,2,4.8,2,0,0,1,144,0,6,1,0,1,1
0,0,552136.6411,366.5625,0,305221.1799,0,80,10000000,499.8,61100000,167,1,10200000
0,0,0,0,0,0,0,80,0,0,0,-1,0,0
0,45,2760.333333,45,0,0,1,53,0,136,0,-1,0,0
0,0,726254.4408,22.57142857,0,45780.64884,1,443,5602029,1188.526316,111000000,123,1,10000000
0,0,12469.78656,33.09090909,0,127380.5694,1,80,9922925,42.54545455,75300000,119,1,10100000
0,2,4.8,2,0,0,1,9666,0,6,48,0,1,48
0,6,4.8,6,0,0,1,43216,0,2,3,1024,0,3
0,0,344360.6571,154.2222222,0,0,1,443,0,445.4545455,1216495,5666,1,902833
0,6,356.25,27.66666667,0,0,0,443,0,0,0,-1,0,0
0,94,2241.333333,94,0,0,1,53,0,176,0,-1,0,0
0,2,0,2,0,0,0,2638,0,0,0,-1,1,0
0,2,4.8,2,0,0,1,3372,0,6,3,0,1,3
0,0,0,0,1,0,1,56616,0,0,0,1444,0,0
0,51,1270.3,53.5,0,0,1,53,85600000,115,85800000,-1,0,85800000
0,6,0,6,0,0,0,443,0,0,0,-1,0,0
0,6,0,6,0,0,0,443,0,0,0,-1,0,0
0,6,0,6,1,0,1,9446,0,6,0,255,0,0
0,46,1408.333333,46,0,0,1,53,0,111,0,-1,0,0
0,2,4.8,2,0,0,1,3766,0,6,2,0,1,2
0,0,203039.0292,58.11111111,0,0,1,443,0,441.8888889,84251,351,1,44371
0,36,76.8,36,0,0,1,53,0,52,3,-1,0,3
0,6,0,6,0,0,0,8703,0,0,0,-1,0,0
0,49,76.8,49,0,0,1,53,0,65,49,-1,0,49
0,0,170587.7111,75.38888889,0,318690.1475,0,443,9998442,343.5882353,65800000,244,1,10100000
0,38,1267.5,38,0,0,1,53,0,103,4,-1,0,4
0,0,0,0,0,0,0,443,0,0,0,-1,0,0
0,39,341.3333333,39,0,0,1,53,0,71,0,-1,0,0
0,30,2477.142857,30,0,0,0,53,0,132,3,-1,0,3
0,0,213717.0868,65.1,0,1688335.931,0,80,10000000,313.0588235,116000000,1006,1,10100000
0,0,0,0,1,0,1,52589,0,0,0,1095,0,0
0,0,283445.2182,20.16666667,0,0,0,443,0,777.5,29284,4050,1,29025
0,0,28743.45604,169.1666667,0,0,1,443,0,50.85714286,416002,131,1,169786
0,45,76.8,45,0,0,1,53,0,61,4,-1,0,4
0,2,0,2,0,0,0,3828,0,0,0,-1,1,0
0,35,307.2,35,0,0,1,53,0,67,3,-1,0,3
0,66,2352,66,0,0,1,53,0,150,0,-1,0,0
0,0,0,0,0,0,1,57831,0,0,0,36200,0,0
0,48,1365.333333,48,0,0,1,53,0,112,0,-1,0,0
0,45,504.3,45,0,0,1,53,0,86,3,-1,0,3
0,2,0,2,0,0,0,880,0,0,0,-1,1,0
0,0,0,0,0,0,0,80,0,0,0,65535,1,0
0,0,320.3333333,15.5,0,0,0,443,0,0,0,-1,0,0
0,38,2194.285714,38,0,0,0,53,0,134,49,-1,0,49
0,39,907.5,39,0,0,1,53,0,94,3,-1,0,3
0,6,0,6,0,0,0,80,0,0,0,-1,0,0
0,2,0,2,0,0,0,55055,0,0,0,-1,1,0
0,44,940.8,44,0,0,1,53,0,100,48,-1,0,48
0,39,3434.7,39,0,0,1,53,0,146,1,-1,0,1
0,43,235.2,43,0,0,1,53,0,71,4,-1,0,4
0,41,3898.8,41,0,0,1,53,0,155,3,-1,0,3
0,2,0,2,0,0,0,1687,0,0,0,-1,1,0
0,0,0,0,0,0,0,80,0,0,36199,28960,1,36199
0,0,0,0,1,0,0,54405,0,0,0,817,0,0
0,62,341.3333333,62,0,0,1,53,0,94,0,-1,0,0
0,6,0,6,0,0,0,80,0,0,0,-1,0,0
0,30,2650.8,30,0,0,1,53,0,124,66,-1,0,66
0,0,226.9874396,8.8,0,0,1,21,0,17.52,131353,227,1,70815
0,55,4879.5,56.5,0,0,1,53,54600000,184.5,54600000,-1,0,54600000
0,6,355.952381,27,0,0,0,443,5553866,46,0,70,0,0
0,41,11059.2,41,0,0,1,53,0,233,49,-1,0,49
0,6,0,6,0,0,0,52605,0,0,0,-1,0,0
0,2,0,2,0,0,0,3851,0,0,0,-1,1,0
0,2,0,2,0,0,0,4242,0,0,0,-1,1,0
0,2,0,2,0,0,0,50000,0,0,0,-1,1,0
0,2,4.8,2,0,0,1,1033,0,6,1,0,1,1
0,2,0,2,0,0,0,5087,0,0,0,-1,1,0
0,2,0,2,0,0,0,1328,0,0,0,-1,1,0
0,35,2594.7,35,0,0,1,53,0,128,48,-1,0,48
0,0,167632.8554,62.53846154,0,151875.0977,0,443,9303772,348.5833333,50300000,243,1,10200000
0,0,455.3,25.33333333,0,0,0,33399,0,6,0,0,0,0
0,54,1045.333333,54,0,0,1,53,0,110,0,-1,0,0
0,0,0,0,0,0,0,57152,0,0,0,-1,0,0
0,0,0,0,0,0,0,80,0,0,0,-1,0,0
0,6,0,6,1,0,1,7494,0,6,0,255,0,0
0,2,0,2,0,0,0,10010,0,0,0,-1,1,0
0,78,1825.2,78,0,0,1,53,0,156,1,-1,0,1
0,52,1009.2,52,0,0,1,53,0,110,48,-1,0,48
0,2,0,2,0,0,0,10180,0,0,0,-1,1,0
0,46,2821.333333,46,0,0,1,53,0,138,0,-1,0,0
0,0,160729.125,168.3333333,0,0,1,80,0,277,238578,4879,1,227682
0,0,482562.6162,275.9310345,0,935304.9887,0,443,58600000,261.4210526,119000000,573,0,59000000
0,2,0,2,0,0,0,515,0,0,0,-1,1,0
0,38,1267.5,38,0,0,1,53,0,103,47,-1,0,47
0,31,11408.33333,123.5,0,0,0,55326,0,0,0,-1,0,0
0,0,148415.3245,39.36363636,0,34596.9883,0,443,10000000,288,113000000,114,1,10200000
0,6,0,6,0,0,0,80,0,0,0,-1,0,0
0,0,31384.48148,63.14285714,0,73062.23185,0,80,9998786,24.41666667,92100000,961,1,10200000
0,6,125,14.33333333,0,0,0,1877,0,6,0,0,0,0
0,0,300841.0667,48.25,0,0,0,443,5228677,680,110481,119,1,56147
0,0,188789.4571,78.11111111,0,0,1,443,0,359.0909091,781877,252,1,199455
0,0,613746.0241,54.57142857,0,208624.8466,1,80,10000000,887.2666667,46400000,31,1,10200000
0,6,0,6,1,0,3,1026,0,6,66,256,0,62
0,0,407426.2679,695.8,0,0,0,51155,0,6,222,0,0,222
0,37,307.2,37,0,0,1,53,0,69,4,-1,0,4
0,6,0,6,0,0,0,80,0,0,0,-1,0,0
0,6,0,6,1,0,1,57167,0,6,0,258,0,0
0,44,1587,44,0,0,1,53,0,113,0,-1,0,0
0,2,0,2,0,0,0,301,0,0,0,-1,1,0
0,6,125,14.33333333,0,0,0,57204,0,6,0,0,0,0
0,44,2116.8,44,0,0,1,53,0,128,4,-1,0,4
0,46,3203.809524,46,0,0,0,53,0,162,3,-1,0,3
0,44,76.8,44,0,0,1,53,0,60,49,-1,0,49
0,2,0,2,0,0,0,1114,0,0,0,-1,1,0
0,6,355.952381,27,0,0,0,443,0,46,0,251,0,0
0,29,76.8,29,0,0,1,53,0,45,49,-1,0,49
0,6,0,6,0,0,0,58440,0,0,0,-1,0,0
0,56,85.33333333,56,0,0,1,53,0,72,0,-1,0,0
0,0,0,0,1,0,1,80,0,0,0,298,0,0
0,39,504.3,39,0,0,1,53,0,80,191,-1,0,191
0,32,2194.285714,32,0,0,0,53,0,128,3,-1,0,3
0,2,4.8,2,0,0,1,1154,0,6,49,0,1,49
0,2,4.8,2,0,0,1,3814,0,6,2,0,1,2
0,2,0,2,0,0,0,32782,0,0,0,-1,1,0
0,6,355.8333333,26.71428571,0,0,0,443,58000000,46,58000000,351,0,58000000
0,6,0,6,1,0,1,60954,0,6,0,251,0,0
0,49,76.8,49,0,0,1,53,0,65,3,-1,0,3
0,45,1080,45,0,0,1,53,0,105,4,-1,0,4
0,51,307.2,51,0,0,1,53,0,83,4,-1,0,4
0,0,0,0,1,0,1,56572,0,0,0,256,0,0
0,0,261648.7661,59,0,0,0,443,5073057,638.5,269419,8688,1,87971
0,56,2821.333333,56,0,0,1,53,0,148,0,-1,0,0
0,0,1081327.227,50.96226415,0,127668.2572,1,80,9996552,1423.357143,111000000,1083,1,10100000
0,2,4.8,2,0,0,1,60020,0,6,1,0,1,1
0,6,0,6,1,0,0,443,0,0,0,-1,0,0
0,2,4.8,2,0,0,1,50000,0,6,4,0,1,4
0,0,190630.0385,81,0,0,1,443,0,387.3076923,194837,357,1,73000
0,0,245663.6838,91.44444444,0,0,0,443,0,577.1428571,325854,245,1,135054
0,6,0,6,0,0,0,80,0,0,0,-1,0,0
0,37,480,37,0,0,1,53,0,77,48,-1,0,48
0,6,0,6,1,0,1,39581,0,6,0,338,0,0
0,63,1200,63,0,0,1,53,0,123,0,-1,0,0
0,2,0,2,0,0,0,12000,0,0,0,-1,1,0
0,2,0,2,0,0,0,49999,0,0,0,-1,1,0
0,0,0,0,0,0,0,57894,0,0,0,-1,0,0
0,0,10.8,4,0,0,0,80,0,0,0,29200,1,0
0,41,76.8,41,0,0,1,53,0,57,76,-1,0,76
0,0,470.2380952,24.6,0,0,0,443,5187283,46,0,126,0,0
0,2,4.8,2,0,0,1,3703,0,6,48,0,1,48
0,29,874.8,29,0,0,1,53,0,83,3,-1,0,3
0,45,3315.238095,45,0,0,0,53,0,163,4,-1,0,4
0,2,4.8,2,0,0,1,4001,0,6,3,0,1,3
0,33,11059.2,33,0,0,1,53,0,225,3,-1,0,3
0,35,3000,35,0,0,1,53,0,135,2,-1,0,2
0,2,4.8,2,0,0,1,8083,0,6,48,0,1,48
0,0,0,0,1,0,1,59360,0,0,0,1044,0,0
0,38,3307.5,38,0,0,1,53,0,143,1,-1,0,1
0,49,7500,49,0,0,1,53,0,199,0,-1,0,0
0,2,0,2,0,0,0,9099,0,0,0,-1,1,0
0,6,0,6,1,0,0,443,0,6,0,61103,0,0
0,0,3723.095238,41.375,0,0,0,443,5636677,25.66666667,284791,4680,1,142020
0,0,0,0,1,0,1,54317,0,0,0,240,0,0
0,2,0,2,0,0,0,1352,0,0,0,-1,1,0
0,0,0,0,0,0,0,443,0,0,0,-1,0,0
0,6,0,6,0,0,0,80,0,0,0,-1,0,0
0,0,10.8,4,0,0,0,80,0,0,0,4380,1,0
0,0,23411.33978,27.3125,0,18035.27406,0,80,9998187,53.28571429,111000000,340,1,10100000
0,76,1452,76,0,0,1,53,0,142,0,-1,0,0
0,45,1446.8,48,0,0,1,53,86400000,116,86400000,-1,0,86400000
0,0,102152.8571,148,0,0,1,80,0,218,37176,31,1,36566
0,2,0,2,0,0,0,8194,0,0,0,-1,1,0
0,6,0,6,0,0,0,443,0,0,0,-1,0,0
0,34,6800.238095,34,0,0,0,53,0,203,48,-1,0,48
0,2,0,2,0,0,0,587,0,0,0,-1,1,0
0,34,974.7,34,0,0,1,53,0,91,69,-1,0,69
0,0,0,0,0,0,0,443,0,0,0,-1,0,0
0,6,0,6,0,0,0,443,0,0,0,-1,0,0
0,45,235.2,45,0,0,1,53,0,73,4,-1,0,4
0,38,768,38,0,0,1,53,0,86,0,-1,0,0
0,2,0,2,0,0,0,3325,0,0,0,-1,1,0
0,0,0,0,1,0,1,50598,0,0,0,303,0,0
0,34,60.95238095,34,0,0,0,53,0,50,3,-1,0,3
0,0,0,0,1,0,1,22,0,0,0,243,0,0
0,0,263484.2488,101.2666667,0,87737.80941,0,443,58400000,465.4615385,117000000,373,1,58500000
0,37,307.2,37,0,0,1,53,0,69,48,-1,0,48
0,33,120,33,0,0,1,53,0,53,4,-1,0,4
0,6,0,6,0,0,0,1276,0,6,0,16560,0,0
0,0,0,0,0,0,0,443,0,0,0,-1,0,0
0,2,0,2,0,0,0,3986,0,0,0,-1,1,0
0,2,4.8,2,0,0,1,49154,0,6,48,0,1,48
0,47,15870,47,0,0,1,53,0,277,2,-1,0,2
0,0,23089.25676,64.05,0,69608.03509,0,443,9996191,39,111000000,350,1,10100000
0,25,940.8,25,0,0,1,53,0,81,3,-1,0,3
0,6,0,6,0,0,0,443,0,0,0,-1,0,0
0,52,1240.333333,52,0,0,1,53,0,113,0,-1,0,0
0,62,85.33333333,62,0,0,1,53,0,78,0,-1,0,0
0,34,5148.3,34,0,0,1,53,0,165,4,-1,0,4
0,41,2523,41,0,0,1,53,0,128,0,-1,0,0
0,38,5357.142857,38,0,0,0,53,0,188,4,-1,0,4
0,34,307.2,34,0,0,1,53,0,66,4,-1,0,4
0,32,2539.2,32,0,0,1,53,0,124,49,-1,0,49
0,84,691.2,84,0,0,1,53,0,132,49,-1,0,49
0,6,0,6,0,0,0,80,0,0,0,-1,0,0
0,0,120752.7977,38.15384615,0,8195.763387,1,80,9992570,137.3846154,98500000,946,1,10100000
0,37,780.3,37,0,0,1,53,0,88,2,-1,0,2
0,6,0,6,1,0,1,3170,0,6,0,257,0,0
0,0,893499.8897,887.8571429,0,0,1,443,0,375.7777778,84116,82,1,28751
0,0,29910.56618,102.5714286,0,0,1,443,0,81.22222222,102834,5098,1,33626
0,252,424830,252,0,0,1,88,0,1442,4,-1,0,4
0,0,0,0,1,0,1,50768,0,0,0,229,0,0
0,0,510083.6798,202.9411765,0,0,0,389,0,604.9090909,27614,2076,1,26571
0,44,1365.333333,44,0,0,1,53,0,108,0,-1,0,0
0,6,0,6,0,0,0,60282,0,0,0,-1,0,0
0,0,349376.766,131.6363636,0,0,1,443,10000000,586.7058824,16400000,668,1,10200000
0,47,1190.7,47,0,0,1,53,0,110,49,-1,0,49
0,38,11880.3,38,0,0,1,53,0,237,3,-1,0,3
0,45,235.2,45,0,0,1,53,0,73,4,-1,0,4
0,51,1240.333333,51,0,0,1,53,0,112,0,-1,0,0
0,49,5461.333333,49,0,0,1,53,0,177,0,-1,0,0
0,74,76.8,74,0,0,1,53,0,90,3,-1,0,3
0,0,0,0,1,0,1,80,0,0,0,119,0,0
0,6,0,6,1,0,1,63134,0,6,0,253,0,0
0,38,691.2,38,0,0,1,53,0,86,4,-1,0,4
0,32,76.8,32,0,0,1,53,0,48,48,-1,0,48
0,36,85.33333333,36,0,0,1,53,0,52,0,-1,0,0
0,6,0,6,1,0,1,50470,0,6,0,255,0,0
0,6,147.2,14.33333333,0,0,0,443,0,0,0,165,0,0
0,6,0,6,0,0,0,443,0,0,0,-1,0,0
0,0,0,0,1,0,1,54148,0,0,0,360,0,0
0,0,56466.24154,84.85714286,0,320931.7264,0,443,58000000,140.6363636,117000000,123,1,58200000
0,6,0,6,0,0,0,443,0,0,0,-1,0,0
0,0,0,0,0,0,0,45355,0,0,0,-1,0,0
0,0,0,0,1,0,1,55578,0,0,0,229,0,0
0,45,1306.8,45,0,0,1,53,0,111,48,-1,0,48
1,0,0,0,0,0,0,80,0,0,0,28960,1,0
0,0,266890.1813,47.375,0,0,0,443,0,636,214560,31,1,108616
0,0,290399.0635,53.75,0,53116.44719,1,443,58000000,539.6842105,117000000,32,1,59000000
0,0,668093.4305,126.9210526,0,0,1,443,0,1299.365385,7898907,233,1,5000050
0,0,170976.2105,48,0,18155.89307,1,80,9997104,197.1111111,56200000,939,1,10100000
0,0,945465.6838,35.20325203,0,0,1,80,0,1435.8,23800000,31,1,9999022
0,38,1281.333333,38,0,0,1,53,0,100,0,-1,0,0
0,45,76.8,45,0,0,1,53,0,61,48,-1,0,48
0,42,1228.8,42,0,0,1,53,0,106,48,-1,0,48
0,53,9075,53,0,0,1,53,0,218,0,-1,0,0
0,34,974.7,34,0,0,1,53,0,91,46,-1,0,46
0,34,2484.3,34,0,0,1,53,0,125,48,-1,0,48
0,47,11946.66667,47,0,0,0,53,0,271,3,-1,0,3
0,0,41287.13258,30.52941176,0,115407.4421,0,80,9770080,106.5333333,110000000,288,1,10000000
0,0,0,0,1,0,1,53192,0,0,0,350,0,0
0,0,198944.5806,70.0625,0,176084.1185,0,443,9974653,394.0666667,61300000,31519,1,10100000
0,0,23358.29032,27.1875,0,17284.55919,0,80,9997214,53.28571429,111000000,340,1,10100000
0,0,0,0,0,0,0,40634,0,0,0,-1,0,0
0,6,0,6,0,0,0,49954,0,0,0,-1,0,0
0,0,551308.3524,42.55555556,0,0,0,443,5178768,687.6,492882,31,1,289186
0,0,0,0,0,0,0,80,0,0,0,-1,0,0
0,40,1190.7,40,0,0,1,53,0,103,48,-1,0,48
0,38,1281.333333,38,0,0,1,53,0,100,0,-1,0,0
0,0,558859.5593,54.625,0,195533.4278,0,443,5144321,883.2857143,111000000,371,1,10100000
0,0,0,0,1,0,1,22,0,0,0,243,0,0
0,0,0,0,1,0,1,49180,0,0,0,229,0,0
0,35,307.2,35,0,0,1,53,0,67,48,-1,0,48
0,55,2352,55,0,0,1,53,0,139,0,-1,0,0
0,6,0,6,0,0,0,51789,0,0,0,-1,0,0
0,0,0,0,0,528.0337742,0,80,10200000,0,41000000,298,0,10200000
0,6,0,6,0,0,0,50965,0,0,0,-1,0,0
0,51,3121.2,51,0,0,1,53,0,153,48,-1,0,48
0,40,4961.333333,40,0,0,1,53,0,162,0,-1,0,0
0,42,39216.33333,42,0,0,1,53,0,385,0,-1,0,0
0,36,720.3,36,0,0,1,53,0,85,3,-1,0,3
0,0,268351.1111,144,0,0,1,80,0,455.6,31350,237,1,30164
0,0,997638.6267,19.29166667,0,0,1,80,0,1691.897436,59725,30,1,15401
0,42,3400.333333,42,0,0,1,53,0,143,0,-1,0,0
0,0,253529.1714,48.875,0,0,0,443,5094410,619.3333333,81229,119,1,40238
0,0,258375.8693,168.7142857,0,0,1,443,0,402.3,933954,34,1,383862
0,0,1490844.488,10.56962025,0,0,1,80,0,2102.657143,6576815,157,1,4618634
0,0,415168.2455,139.875,0,598608.3167,0,443,5220608,761.4230769,64500000,154,1,58100000
0,0,180.8,10.33333333,0,0,0,55535,0,6,0,0,0,0
0,6,0,6,0,0,0,443,0,0,0,-1,0,0
0,42,1904,60,0,0,1,53,34800000,131,34800000,-1,0,34800000
0,6,0,6,0,0,1,443,0,6,0,0,0,0
0,6,0,6,1,0,1,35329,0,6,0,229,0,0
0,0,325436.0261,98.22222222,0,51987.06845,0,80,9999236,444,33300000,980,1,10000000
0,6,0,6,1,0,1,61669,0,6,0,256,0,0
0,0,2760639.853,1360.560976,0,0,1,443,9800614,1059.290909,13300000,65535,1,10000000
0,35,186.6666667,35,0,0,0,53,0,63,1,-1,0,1
1,0,0,0,0,0,0,80,0,0,0,28960,1,0
0,0,231649.3143,159,0,0,1,443,0,481.2857143,1059086,63,1,998408
0,0,0,0,1,0,2,42128,0,0,1,229,0,1
0,35,2822.7,35,0,0,1,53,0,132,49,-1,0,49
0,6,552.25,21.66666667,0,0,0,4414,0,0,0,-1,0,0
0,32,235.2,32,0,0,1,53,0,60,48,-1,0,48
0,0,54240.89091,156.8,0,0,1,80,9975858,49.8,10200000,30640,1,10100000
0,0,253538.3524,48.75,0,0,0,443,5752806,619.3333333,100916,119,1,65735
0,6,0,6,0,0,0,4036,0,0,0,-1,0,0
0,43,507,43,0,0,1,53,0,82,0,-1,0,0
0,64,4915.2,64,0,0,1,53,0,192,48,-1,0,48
0,6,21168,132,0,0,0,1808,0,6,0,0,0,0
0,43,238,56,0,0,1,53,79900000,72,79900000,-1,0,79900000
0,0,434358.8292,43.55555556,0,0,0,443,5395729,867.5,468226,119,1,333364
0,6,0,6,0,0,0,443,0,0,0,-1,0,0
0,6,0,6,0,0,0,443,0,0,0,-1,0,0
0,51,1240.333333,51,0,0,1,53,0,112,0,-1,0,0
0,0,0,0,0,0,0,80,0,0,0,42408,1,0
0,31,5880,31,0,0,1,53,0,171,48,-1,0,48
0,63,1121.333333,63,0,0,1,53,0,121,0,-1,0,0
0,0,396735.6052,23.64285714,0,34473.20573,0,443,5694185,672.8333333,110000000,61,1,10000000
0,0,8.571428571,2,0,0,1,80,0,2,3206707,29,1,2024083
0,0,22450.44697,85.57142857,0,0,0,443,0,38,215453,939,1,118558
0,0,0,0,1,0,1,50860,0,0,0,33304,0,0
0,50,1045.333333,50,0,0,1,53,0,106,0,-1,0,0
0,47,4915.2,47,0,0,1,53,0,175,4,-1,0,4
0,41,2218.8,41,0,0,1,53,0,127,48,-1,0,48
0,6,0,6,1,0,1,51731,0,6,0,251,0,0
0,43,867,43,0,0,1,53,0,94,0,-1,0,0
0,0,20449.76577,62.78947368,0,19443.11416,0,443,5758429,43.23529412,110000000,31,1,10000000
0,0,858.9821429,24.5,0,0,0,443,0,4.333333333,39286,58,1,39024
0,6,405,27.66666667,0,0,0,53427,0,6,0,0,0,0
0,0,181523.4839,65.5625,0,632774.8155,0,443,9752296,327.4,62200000,124,1,10100000
0,0,555571.8316,33.16,0,98016.88011,1,443,9985846,763.2962963,111000000,31088,1,10100000
0,39,2270.7,39,0,0,1,53,0,126,3,-1,0,3
0,41,2218.8,41,0,0,1,53,0,127,48,-1,0,48
0,32,76.8,32,0,0,1,53,0,48,3,-1,0,3
0,36,4915.2,36,0,0,1,53,0,164,4,-1,0,4
0,6,0,6,0,0,0,50149,0,0,0,-1,0,0
0,39,76.8,39,0,0,1,53,0,55,4,-1,0,4
0,0,494498.2222,79.44444444,0,0,0,443,0,727.625,3378739,114,1,2194340
0,0,571176.7879,29.06862745,0,531216.2087,0,443,5103174,1232.435644,112000000,390,1,10000000
0,0,0,0,1,0,1,33466,0,0,0,229,0,0
0,27,1825.2,27,0,0,1,53,0,105,3,-1,0,3
0,6,160.1666667,12.2,0,0,0,443,0,0,0,-1,0,0
0,6,0,6,0,0,1,49422,0,6,0,251,0,0
0,0,472.8,19.25,0,0,0,36724,0,0,0,-1,0,0
0,0,173233.5941,51.45454545,0,191950.1775,0,443,5329140,315.2380952,111000000,27,1,10000000
0,6,9,6,0,0,0,80,0,0,0,377,0,0
0,46,1240.333333,46,0,0,1,53,0,107,0,-1,0,0
0,0,1094012.217,60.77272727,0,317355.8366,1,80,9995261,1703.693548,46600000,42,1,10000000
0,31,11532,124,0,0,0,51732,0,0,0,-1,0,0
0,49,261.3333333,49,0,0,1,53,0,77,0,-1,0,0
0,49,4181.333333,49,0,0,1,53,0,161,0,-1,0,0
0,0,0,0,1,0,1,80,0,0,0,114,0,0
0,56,76.8,56,0,0,1,53,0,72,4,-1,0,4
0,6,0,6,1,0,1,4559,0,6,0,255,0,0
0,39,76.8,39,0,0,1,53,0,55,3,-1,0,3
0,0,0,0,1,0,1,37597,0,0,0,332,0,0
0,39,936.3333333,39,0,0,1,53,0,92,0,-1,0,0
0,64,1452,64,0,0,1,53,0,130,0,-1,0,0
0,29,1555.2,29,0,0,1,53,0,101,4,-1,0,4
0,41,2218.8,41,0,0,1,53,0,127,3,-1,0,3
0,0,338699.2497,70,0,361739.839,1,80,9976014,679.8095238,46700000,34,1,10200000
0,6,0,6,0,0,0,4718,0,0,0,-1,0,0
0,30,3121.2,30,0,0,1,53,0,132,4,-1,0,4
0,50,3745.333333,50,0,0,1,53,0,156,0,-1,0,0
0,49,867,49,0,0,1,53,0,100,0,-1,0,0
0,0,0,0,1,0,2,51030,0,0,49,274,0,49
0,6,0,6,0,0,0,2298,0,0,0,-1,0,0
0,0,331250.1679,86.8,0,1483706.986,0,80,10000000,461.8823529,88500000,1039,1,10200000
0,0,7138.329032,31.6875,0,22742.04452,0,80,9957018,16.78571429,110000000,946,1,10000000
0,56,3468,56,0,0,1,53,0,158,0,-1,0,0
0,0,1564.571429,18.5,0,1.414213562,0,443,60000000,74,60000000,148,0,60000000
0,32,529.2,32,0,0,1,53,0,74,4,-1,0,4
0,29,1267.5,29,0,0,1,53,0,94,4,-1,0,4
0,0,0,0,0,0,0,443,0,0,0,-1,0,0
0,6,0,6,0,0,1,62064,0,6,0,256,0,0
0,0,1228107.645,9.166666667,0,19561.71667,1,80,9997799,1487.214286,111000000,939,1,10000000
0,0,0,0,1,0,0,443,0,0,0,-1,0,0
0,0,0,0,0,0,0,80,0,0,0,-1,0,0
0,6,0,6,0,0,0,80,0,0,0,-1,0,0
0,0,0,0,1,0,1,42027,0,0,0,553,0,0
0,48,0,48,0,0,1,123,0,48,3,-1,0,3
0,0,209546.8974,47.83333333,0,0,1,80,0,452,11100000,123,1,9745522
0,0,0,0,0,0,0,48716,0,0,0,-1,0,0
0,0,0,0,1,0,1,34688,0,0,0,266,0,0
0,23,0,23,0,0,1,53,0,23,218,-1,0,169
0,0,550102.6448,167.0869565,0,45065.13181,1,443,5523400,552.3913043,110000000,153,1,10000000
0,60,5896.333333,60,0,0,1,53,0,193,0,-1,0,0
0,0,60664.49084,76.74285714,0,0,1,22,0,160.2380952,433618,245,1,199251
0,37,691.2,37,0,0,1,53,0,85,4,-1,0,4
0,6,0,6,1,0,1,50853,0,6,0,251,0,0
0,6,0,6,1,0,1,1577,0,6,0,251,0,0
0,40,235.2,40,0,0,1,53,0,68,47,-1,0,47
0,0,395.2857143,23.4,0,0,0,443,0,41,0,127,0,0
0,0,181853.2908,57.70833333,0,76226.22839,1,443,5433892,327.75,110000000,32,1,10000000
0,36,1080,36,0,0,1,53,0,96,4,-1,0,4
0,33,2116.8,33,0,0,1,53,0,117,48,-1,0,48
0,45,3000,45,0,0,1,53,0,145,4,-1,0,4
1,0,0,0,1,0,1,80,0,0,0,236,0,0
0,48,3278.952381,49.66666667,0,9295.625745,1,53,49300000,139.6666667,104000000,-1,0,54900000
0,0,562465.1944,109.75,0,0,1,80,0,570.25,34213,30016,1,33114
0,50,0,50,0,0,0,137,0,0,0,-1,0,0
0,45,2760.333333,45,0,0,1,53,0,136,0,-1,0,0
0,36,580.8,36,0,0,1,53,0,80,3,-1,0,3
0,44,940.8,44,0,0,1,53,0,100,3,-1,0,3
0,50,4468.809524,50,0,0,0,53,0,187,47,-1,0,47
0,45,2352,45,0,0,1,53,0,129,0,-1,0,0
0,62,833.3333333,62,0,0,1,53,0,112,0,-1,0,0
0,0,36075.76129,33,0,178519.6484,0,80,9734548,70.35714286,111000000,119,1,10000000
0,0,476021.8788,401.7142857,0,0,0,88,0,705,390,2053,1,383
0,6,0,6,0,0,0,54947,0,6,0,64240,0,0
0,39,76.8,39,0,0,1,53,0,55,1,-1,0,1
0,56,5292,56,0,0,1,53,0,182,0,-1,0,0
0,0,0,0,1,0,1,58050,0,0,0,229,0,0
0,0,0,0,1,0,1,443,0,0,0,254,0,0
0,53,1968.3,53,0,0,1,53,0,134,48,-1,0,48
0,6,0,6,0,0,0,53022,0,0,0,-1,0,0
0,38,2167.5,38,0,0,1,53,0,123,48,-1,0,48
0,6,0,6,0,0,0,80,0,0,0,-1,0,0
0,6,0,6,1,0,2,21,0,6,49,229,0,49
0,6,0,6,1,0,1,443,0,6,0,63,0,0
0,0,379146.2159,67.06666667,0,54122.21903,1,443,5403004,427.7058824,65800000,0,1,10000000
0,58,2187,58,0,0,1,53,0,139,0,-1,0,0
0,6,0,6,1,0,1,1244,0,6,0,63738,0,0
0,30,367.5,30,0,0,1,53,0,65,48,-1,0,48
0,48,0,48,0,0,1,123,0,48,0,-1,0,0
0,0,334508.3391,94.34782609,0,2202359.708,0,80,10200000,491.6666667,120000000,1073,1,10200000
0,0,197017.6598,66.28571429,0,1468769.894,0,80,9991548,310.5789474,116000000,1013,1,11000000
0,31,2323.2,31,0,0,1,53,0,119,48,-1,0,48
0,23,0,23,0,0,1,53,0,23,1,-1,0,1
0,47,1920,47,0,0,1,53,0,127,48,-1,0,48
0,34,307.2,34,0,0,1,53,0,66,48,-1,0,48
0,52,76.8,52,0,0,1,53,80500000,68,80500000,-1,0,80500000
0,29,482.1428571,29,0,0,0,53,0,74,3,-1,0,3
0,0,0,0,1,0,1,58560,0,0,0,299,0,0
0,0,0,0,1,0,1,44472,0,0,0,305,0,0
0,38,1267.5,38,0,0,1,53,0,103,3,-1,0,3
0,6,125,14.33333333,0,0,0,53116,0,6,0,0,0,0
0,33,4248.3,33,0,0,1,53,0,152,48,-1,0,48
0,49,85.33333333,49,0,0,1,53,0,65,0,-1,0,0
0,30,3121.2,30,0,0,1,53,0,132,49,-1,0,49
0,41,2218.8,41,0,0,1,53,0,127,4,-1,0,4
0,0,172359.8142,39.45454545,0,9057.3978,1,80,10100000,178.4545455,75400000,939,1,10200000
0,50,2660.666667,61.66666667,0,26208.91284,1,53,6127590,129.3333333,26700000,-1,0,20600000
0,0,0,0,1,0,1,80,0,0,0,29,0,0
0,32,2764.8,32,0,0,1,53,0,128,4,-1,0,4
0,0,1551577.425,3.483766234,0,453284.6983,1,80,10000000,2176.361581,83100000,946,1,10100000
0,0,309408.9474,52.90909091,0,0,0,443,0,809.75,120936,946,1,51076
0,31,1346.7,31,0,0,1,53,0,98,49,-1,0,49
0,6,0,6,1,0,1,80,0,6,0,30,0,0
0,39,2881.2,39,0,0,1,53,0,137,3,-1,0,3
0,29,2539.2,29,0,0,1,53,0,121,48,-1,0,48
0,0,114857.2224,72.57142857,0,377572.9456,0,443,5454287,193.45,111000000,5575,1,10000000
0,0,12984.79423,41.76190476,0,136367.5125,0,443,9960012,35.22222222,113000000,4964,1,10300000
0,54,186.6666667,54,0,0,0,53,0,82,48,-1,0,48
0,0,320.3333333,15.5,0,0,0,47916,0,0,0,-1,0,0
0,43,1044.3,43,0,0,1,53,0,102,4,-1,0,4
0,33,974.7,33,0,0,1,53,0,90,47,-1,0,47
0,0,25624.05556,80.5,0,73228.34436,1,80,9999131,30.55555556,46100000,30,1,10000000
0,0,421161.6767,76.93877551,0,0,0,443,6962665,842.3902439,8666955,91,1,6987371
0,51,1200,51,0,0,1,53,0,111,0,-1,0,0
0,46,341.3333333,46,0,0,1,53,0,78,0,-1,0,0
0,0,0,0,0,0,0,50741,0,0,0,-1,0,0
0,0,192.2,10.33333333,0,0,0,7447,0,0,0,0,0,0
0,0,521688.7614,93.125,0,0,1,443,9800600,567.3333333,15500000,62,1,10100000
0,58,307.2,58,0,0,1,53,0,90,4,-1,0,4
0,41,1228.8,41,0,0,1,53,0,105,4,-1,0,4
0,0,467549.7336,22.53333333,0,67468.47635,1,443,9998168,1033.465116,80600000,357,1,10000000
0,35,691.2,35,0,0,1,53,0,83,3,-1,0,3
0,40,307.2,40,0,0,1,53,0,72,3,-1,0,3
0,47,2167.5,47,0,0,1,53,0,132,3,-1,0,3
0,38,1920,38,0,0,1,53,0,118,3,-1,0,3
0,43,456.3,43,0,0,1,53,0,82,3,-1,0,3
0,233,0,233,0,0,0,138,0,0,0,-1,0,0
0,36,4313.777778,54,0,0,1,53,68200000,134,68200000,-1,0,68200000
0,0,470.2380952,24.6,0,0,0,443,5035021,46,0,31,0,0
0,0,0,0,1,0,1,49709,0,0,0,252,0,0
0,45,76.8,45,0,0,1,53,0,61,4,-1,0,4
0,0,5382.265152,47.16666667,0,0,0,443,0,33.6,5503982,122,1,4959755
0,0,686844.5542,42.75,0,0,0,443,0,1153.363636,250574,972,1,195210
0,0,0,0,0,0,0,443,0,0,0,-1,0,0
0,0,0,0,0,0,0,50538,0,0,0,-1,0,0
0,0,240.25,10.33333333,0,0,0,50883,0,0,0,-1,0,0
0,0,0,0,0,0,0,80,0,0,0,42780,1,0
0,0,682861.6928,42.23809524,0,0,2,443,0,1417.104167,188595,122,1,102430
0,48,0,48,0,0,1,123,0,48,48,-1,0,48
0,36,3434.7,36,0,0,1,53,0,143,4,-1,0,4
0,0,0,0,0,0,0,59511,0,0,0,-1,0,0
0,50,0,50,0,0,1,137,0,50,2997790,-1,0,1500268
1,0,65.33333333,7,0,0,0,21,0,0,0,0,0,0
0,33,1428.3,33,0,0,1,53,0,102,3,-1,0,3
0,34,9398.7,34,0,0,1,53,0,211,48,-1,0,48
0,0,247404.8667,38.44444444,0,0,0,443,5027726,641.6666667,59404,939,1,33759
0,29,2430,29,0,0,1,53,0,119,49,-1,0,49
0,0,0,0,1,0,2,60794,0,0,48,229,0,48
0,0,0,0,1,0,1,35506,0,0,0,229,0,0
0,0,297355.4905,95.4,0,0,1,443,0,690.2,4179534,32,1,3762979
0,44,907.5,44,0,0,1,53,0,99,4,-1,0,4
0,0,470.2380952,24.6,0,0,0,443,5286709,46,0,360,0,0
0,27,1228.8,27,0,0,1,53,0,91,3,-1,0,3
0,0,113604.7077,69.22222222,0,65991.44746,1,443,58500000,233.2380952,118000000,184,1,58800000
0,0,0,0,1,0,1,57882,0,0,0,257,0,0
0,56,85.33333333,56,0,0,1,53,0,72,0,-1,0,0
0,50,2376.3,50,0,0,1,53,0,139,4,-1,0,4
0,30,11407.5,30,0,0,1,53,0,225,3,-1,0,3
0,0,483294.1167,345.5555556,0,0,0,88,0,518,986,2081,1,787
0,0,1517251.684,118.1111111,0,0,1,443,0,1757.48,75508,66,1,24420
0,0,22755.35606,90.71428571,0,0,0,443,5758004,42,127915,340,1,83016
0,0,0,0,0,0,0,54296,0,0,0,-1,0,0
0,28,19660.8,28,0,0,1,53,0,284,48,-1,0,48
0,0,410155.4249,248.0869565,0,0,0,389,0,710.1538462,235695,2050,1,123900
0,0,0,0,1,0,1,443,0,0,0,245,0,0
0,0,192.2,10.33333333,0,0,0,57368,0,0,0,0,0,0
0,56,280.3333333,56,0,0,1,53,0,85,0,-1,0,0
0,0,0,0,0,0,0,7466,0,0,0,-1,0,0
1,0,34909.05682,87.30434783,0,0,1,22,0,85.78125,13500000,247,1,2665190
0,44,750,44,0,0,1,53,0,94,47,-1,0,47
0,0,22563.27273,90.71428571,0,0,0,443,5054094,39.25,228591,60,1,190794
0,30,3000,30,0,0,1,53,0,130,49,-1,0,49
0,0,320.3333333,15.5,0,0,0,41428,0,0,0,0,0,0
0,51,1116.3,51,0,0,1,53,0,112,3,-1,0,3
0,41,76.8,41,0,0,1,53,0,57,48,-1,0,48
0,0,1376818.264,44.25,0,0,0,443,5702495,1148.4,116638,288,1,61587
0,46,842.7,46,0,0,1,53,0,99,48,-1,0,48
0,43,1346.7,43,0,0,1,53,0,110,48,-1,0,48
0,0,0,0,1,0,1,34159,0,0,0,244,0,0
0,0,330066.8352,354.8333333,0,0,1,443,0,480.4285714,64108,65,1,32354
0,0,0,0,0,0,1,56261,0,0,0,16150,0,0
0,0,232459.6901,130,0,0,1,443,0,453.4,3218465,134,1,2999855
0,30,780.3,30,0,0,1,53,0,81,48,-1,0,48
0,0,0,0,0,0,0,80,0,0,0,-1,0,0
0,0,0,0,1,0,1,1299,0,0,0,255,0,0
0,63,2133.333333,63,0,0,1,53,0,143,0,-1,0,0
0,34,7300.8,34,0,0,1,53,0,190,3,-1,0,3
0,55,1008.333333,55,0,0,1,53,0,110,0,-1,0,0
0,0,239411.6292,40.77777778,0,0,0,443,0,618.3333333,57659,118,1,29608
0,0,85252.83929,271,0,0,1,80,0,75.5,35253,32,1,34823
0,37,1920,37,0,0,1,53,0,117,3,-1,0,3
0,0,0,0,1,0,1,37690,0,0,0,299,0,0
0,0,0,0,0,0,0,443,0,0,0,-1,0,0
0,44,1045.333333,44,0,0,1,53,0,100,0,-1,0,0
0,0,240.25,10.33333333,0,0,0,443,0,0,0,-1,0,0
0,37,0,37,1,0,0,443,0,0,0,-1,0,0
0,0,181565.9905,58.66666667,0,0,1,443,0,358.4545455,93836,119,1,44039
0,41,1893.5,49.5,0,0,1,53,118000000,125,118000000,-1,0,118000000
0,62,0,62,0,0,0,137,0,0,0,-1,0,0
0,0,0,0,0,0,1,54963,0,0,0,33304,0,0
0,42,85.33333333,42,0,0,1,53,0,58,0,-1,0,0
0,33,1858.285714,55.33333333,0,0,1,53,37000000,115,40900000,-1,0,37000000
0,0,0,0,0,0,0,58847,0,0,0,-1,0,0
0,0,0,0,0,0,0,52757,0,0,0,-1,0,0
0,42,2241.333333,42,0,0,1,53,0,124,0,-1,0,0
0,0,0,0,1,0,1,443,0,0,0,252,0,0
0,51,11407.5,51,0,0,1,53,0,246,4,-1,0,4
0,48,0,48,0,0,1,123,0,48,0,-1,0,0
0,0,61161.3975,254.9411765,0,542819.2916,0,443,8456656,92,51100000,284,0,10000000
0,32,343.8095238,32,0,0,0,53,0,70,3,-1,0,3
0,0,320.3333333,15.5,0,0,0,443,0,0,0,-1,0,0
1,0,65.33333333,7,0,0,0,21,0,0,0,-1,0,0
0,34,9720,34,0,0,1,53,0,214,3,-1,0,3
0,0,2210983.854,30.66666667,0,121931.855,0,443,9959975,1460.222222,112000000,114,1,10100000
0,68,9.692307692,68,0,0,1,137,0,62,646,-1,0,318
0,58,6721.333333,58,0,0,1,53,0,200,0,-1,0,0
0,36,76.8,36,0,0,1,53,0,52,4,-1,0,4
0,70,4915.2,70,0,0,1,53,0,198,48,-1,0,48
0,0,282056.3529,65.72727273,0,0,0,443,0,570.5,88839,972,1,37897
0,23,0,23,0,0,1,53,0,23,2,-1,0,2
0,0,266299.5769,74,0,0,0,443,5326617,778.5,305940,547,1,154202
0,36,76.8,36,0,0,1,53,0,52,48,-1,0,48
0,44,76.8,44,0,0,1,53,0,60,3,-1,0,3
1,0,156.0833333,11.33333333,0,0,1,21,0,12.53333333,9109771,227,1,3179585
0,0,0,0,0,0,1,5998,0,0,0,64165,0,0
0,0,0,0,1,0,1,52162,0,0,0,338,0,0
0,0,23411.33978,27.3125,0,17239.53673,0,80,9999423,53.28571429,111000000,340,1,10100000
1,0,162.36,12.11111111,0,0,1,21,0,12.53333333,9080579,227,1,3080838
0,0,675552.2794,63.625,0,0,1,443,0,664.875,107151,290,1,43761
0,0,0,0,1,0,1,62387,0,0,0,256,0,0
0,0,0,0,0,0,1,443,0,0,0,0,1,0
0,0,0,0,1,0,0,62211,0,0,0,32850,0,0
0,0,0,0,0,0,0,80,0,0,0,-1,0,0
0,0,470.2380952,24.6,0,0,0,443,0,46,0,705,0,0
0,23,0,23,0,0,1,53,0,23,2,-1,0,2
0,37,0,37,1,0,0,443,0,0,0,-1,0,0
0,0,799354.9335,546.6,0,0,1,443,10000000,695.5,14900000,77,1,10000000
0,0,115341.5929,358.5087719,0,3647819.927,0,80,5584137,161.1111111,115000000,8192,1,10000000
0,56,1306.8,56,0,0,1,53,0,122,4,-1,0,4
0,0,105224.0129,27.5625,0,46306.66796,0,80,9997558,126.3571429,110000000,946,1,10000000
0,0,387695.978,45.75,0,0,0,443,0,742,67501,119,1,41059
0,0,24268.21818,99.83333333,0,0,0,443,5280145,38,237490,237,1,139199
0,0,9473.343678,24.4375,0,25841.00245,0,80,9950661,29.84615385,110000000,256,1,10000000
0,0,23914.78521,56.1,0,23962.98548,0,443,10100000,57.29411765,113000000,31,1,10200000
0,0,1029346.174,49.63157895,0,0,1,443,0,1606.054054,135797,972,1,51691
0,30,9398.7,30,0,0,1,53,0,207,2,-1,0,2
0,77,2017.2,77,0,0,1,53,0,159,4,-1,0,4
0,38,800.3333333,38,0,0,1,53,0,87,0,-1,0,0
0,0,0,0,1,0,1,54654,0,0,0,256,0,0
0,39,85.33333333,39,0,0,1,53,0,55,0,-1,0,0
0,0,699643.6923,43.125,0,0,0,443,5249966,823,106968,123,1,54983
0,41,4915.2,41,0,0,1,53,0,169,4,-1,0,4
0,0,0,0,1,0,1,54840,0,0,0,254,0,0
0,44,2116.8,44,0,0,1,53,0,128,47,-1,0,47
0,40,76.8,40,0,0,1,53,0,56,3,-1,0,3
0,0,456.3333333,18.5,0,0,0,53962,0,0,0,0,0,0
0,31,3060.3,31,0,0,1,53,0,132,3,-1,0,3
0,0,44548.16667,129.25,0,0,0,443,0,0,0,42408,1,0
0,32,1687.5,32,0,0,1,53,0,107,15,-1,0,15
0,41,1680.333333,41,0,0,1,53,0,112,0,-1,0,0
0,49,76.8,49,0,0,1,53,0,65,4,-1,0,4
0,45,694.2857143,45,0,0,0,53,0,99,4,-1,0,4
0,45,1037.142857,45,0,0,0,53,0,111,3,-1,0,3
0,40,2822.7,40,0,0,1,53,0,137,48,-1,0,48
0,0,107361.3561,239.8571429,0,0,0,443,0,38,87621,946,1,63571
0,37,0,37,1,0,0,443,0,0,0,-1,0,0
0,0,1201749.05,22.24324324,0,115076.6789,1,443,58500000,1583.8125,118000000,32,1,58700000
0,52,2352,52,0,0,1,53,0,136,0,-1,0,0
0,44,341.3333333,44,0,0,1,53,0,76,0,-1,0,0
0,30,12484.8,30,0,0,1,53,0,234,4,-1,0,4
0,29,1375.238095,29,0,0,0,53,0,105,4,-1,0,4
0,40,4915.2,40,0,0,1,53,0,168,11,-1,0,11
0,0,0,0,0,0,1,443,0,0,2656787,106,1,2656787
0,45,60.95238095,45,0,0,0,53,0,61,4,-1,0,4
0,0,429666.7833,219.1428571,0,0,1,443,0,742,328535,63,1,113000
0,28,275.2380952,28,0,0,0,53,0,62,3,-1,0,3
0,0,791892.6353,75.38461538,0,0,1,443,0,1171.615385,86225,985,1,53031
0,48,0,48,0,0,1,123,0,48,0,-1,0,0
0,36,1598.7,36,0,0,1,53,0,109,4,-1,0,4
0,30,3121.2,30,0,0,1,53,0,132,48,-1,0,48
0,37,307.2,37,0,0,1,53,0,69,3,-1,0,3
0,44,9747,44,0,0,1,53,0,215,0,-1,0,0
0,0,361,12.66666667,0,0,0,55915,0,0,0,-1,0,0
0,0,85895.824,109.2083333,0,823527.7959,0,80,9929023,251.3684211,113000000,298,1,10000000
0,42,1555.2,42,0,0,1,53,0,114,1,-1,0,1
0,0,0,0,1,0,1,7037,0,0,0,255,0,0
0,0,261648.7661,59,0,0,0,443,5417855,638.5,320324,8688,1,109853
0,54,1323,54,0,0,1,53,0,117,0,-1,0,0
0,34,1346.7,34,0,0,1,53,0,101,48,-1,0,48
0,0,0,0,0,0,0,443,0,0,0,-1,0,0
0,55,76.8,55,0,0,1,53,0,71,4,-1,0,4
1,0,0,0,1,0,1,22,0,0,0,247,0,0
0,30,2323.2,30,0,0,1,53,0,118,3,-1,0,3
0,0,248358.9587,66.15789474,0,1157050.826,0,80,9999838,331.1875,114000000,1006,1,10000000
0,54,972,54,0,0,1,53,0,108,0,-1,0,0
0,48,0,48,0,0,1,123,0,48,0,-1,0,0
0,0,61656.27586,71.5,0,71104.16647,0,80,10000000,59.69230769,113000000,1024,1,10200000
0,32,1080,32,0,0,1,53,0,92,4,-1,0,4
0,0,151962.9697,48,0,970033.4979,0,80,9999457,221.6875,114000000,972,1,10100000
0,0,360964.6947,37.39130435,0,16270.97064,1,443,9997255,500.3478261,111000000,126,1,10000000
0,0,0,0,0,0,1,443,0,0,0,0,1,0
0,47,76.8,47,0,0,1,53,0,63,49,-1,0,49
0,0,287661.978,46.75,0,0,0,443,0,610.8,179357,110,1,91634
0,0,74012.82051,198.55,0,354914.4913,0,80,5582802,85.68421053,115000000,191,0,10100000
0,48,0,48,0,0,1,123,0,48,0,-1,0,0
0,69,15052.8,69,0,0,1,53,0,293,4,-1,0,4
0,44,907.5,44,0,0,1,53,0,99,48,-1,0,48
0,38,1190.7,38,0,0,1,53,0,101,3,-1,0,3
0,0,0,0,1,0,4,445,0,0,98,0,0,97
0,0,0,0,0,0,0,80,0,0,0,42780,1,0
0,77,1452,77,0,0,1,53,0,143,0,-1,0,0
0,33,4915.2,33,0,0,1,53,0,161,48,-1,0,48
0,0,1523819.224,31.79411765,0,0,1,443,10000000,2068.862222,13200000,29,1,10000000
0,0,0,0,1,0,1,443,0,0,0,33,0,0
0,40,2167.5,40,0,0,1,53,0,125,4,-1,0,4
0,0,5996.488889,51.5,0,0,0,443,0,45.66666667,113277,30,1,72155
0,64,936.3333333,64,0,0,1,53,0,117,0,-1,0,0
0,0,0,0,1,0,1,55502,0,0,0,16351,0,0
0,0,0,0,0,0,0,443,0,0,0,-1,0,0
0,0,1227450.411,26.4135514,0,0,1,443,59000000,1853.798464,63000000,2052,1,59000000
0,0,0,0,1,0,0,50928,0,0,0,65535,0,0
0,0,0,0,0,0,0,443,0,0,0,-1,0,0
0,0,192.2,10.33333333,0,0,0,57929,0,0,0,0,0,0
0,0,0,0,0,0,0,443,0,0,0,119,0,0
0,38,76.8,38,0,0,1,53,0,54,50,-1,0,50
0,30,3121.2,30,0,0,1,53,0,132,49,-1,0,49
0,0,0,0,0,0,0,52920,0,0,0,-1,0,0
1,0,65.33333333,7,0,0,0,21,0,0,0,-1,0,0
0,60,482.8,61,0,0,1,53,67200000,94,67200000,-1,0,67200000
0,0,0,0,1,0,1,43430,0,0,0,305,0,0
0,37,480,37,0,0,1,53,0,77,48,-1,0,48
0,0,0,0,0,0,0,80,0,0,0,-1,0,0
0,54,1200,54,0,0,1,53,0,114,0,-1,0,0
0,0,37411.41071,144,0,0,1,80,0,100.75,29823,4812,1,28909
0,0,210485.8947,49.9,0,0,0,443,0,469,97137,351,1,56380
0,29,874.8,29,0,0,1,53,0,83,48,-1,0,48
0,0,1434234.662,16.42857143,0,0,1,80,0,1825.363636,5208767,60,1,4759290
0,62,85.33333333,62,0,0,1,53,0,78,0,-1,0,0
0,0,0,0,1,0,1,50330,0,0,0,255,0,0
0,207,580.8,207,0,0,1,389,0,163,49,-1,0,49
0,44,936.3333333,44,0,0,1,53,0,97,0,-1,0,0
0,0,34879.25455,14.4,0,0,1,80,0,125.6,5100736,227,1,5004735
0,43,1633.333333,43,0,0,1,53,0,113,0,-1,0,0
0,0,0,0,1,0,1,80,0,0,0,119,0,0
0,38,24883.2,38,0,0,1,53,0,326,1,-1,0,1
0,43,811.2,43,0,0,1,53,0,95,49,-1,0,49
0,56,1365.333333,56,0,0,1,53,0,120,0,-1,0,0
0,0,0,0,0,0,0,80,0,0,0,29200,1,0
0,0,0,0,0,0,0,80,0,0,0,-1,0,0
0,0,0,0,0,0,0,53606,0,0,0,-1,0,0
0,0,187648.4727,197.5,0,0,0,80,0,516.5,5921271,11,1,4999255
0,32,662.7,32,0,0,1,53,0,79,49,-1,0,49
0,0,320.3333333,15.5,0,0,0,56462,0,0,0,-1,0,0
0,36,3434.7,36,0,0,1,53,0,143,48,-1,0,48
0,0,108467.4989,73.14285714,0,0,1,443,6011402,262,6299382,70,1,6020006
0,28,1920,28,0,0,1,53,0,108,4,-1,0,4
0,0,0,0,0,0,0,9846,0,0,0,-1,0,0
0,0,431152.924,386.25,0,0,1,443,9999042,583.2,10100000,35040,1,9999082
1,0,6564841.515,44.71428571,0,0,0,80,98000000,2898.75,34954,235,0,24768
0,0,291573.859,53.71428571,0,0,0,443,0,701.6,177824,60,1,171762
0,0,240.25,10.33333333,0,0,0,53219,0,0,0,-1,0,0
1,0,4424176.124,34.11111111,0,0,0,80,68200000,2319,150637,235,0,136235
0,50,3653.3,64.5,0,0,1,53,19800000,177.5,19900000,-1,0,19900000
0,6,0,6,1,0,1,49473,0,6,0,253,0,0
1,0,0,0,0,0,0,80,0,0,0,-1,0,0
0,48,0,48,0,0,1,123,0,48,3,-1,0,3
0,30,3121.2,30,0,0,1,53,0,132,48,-1,0,48
1,0,0,0,0,0,0,80,0,0,0,-1,0,0
0,0,36451.30323,51.125,0,87665.74569,0,80,9800594,62.57142857,111000000,8760,1,10100000
0,6,23941.33333,140,0,0,0,57860,0,6,0,0,0,0
0,0,0,0,0,0,2,58856,0,0,1,274,0,1
0,31,3370.8,31,0,0,1,53,0,137,4,-1,0,4
0,33,974.7,33,0,0,1,53,0,90,3,-1,0,3
0,6,0,6,0,0,0,18436,0,0,0,-1,0,0
1,0,0,0,0,0,0,80,0,0,0,-1,1,0
0,0,0,0,1,0,1,57882,0,0,0,296,0,0
1,0,3555619.067,125.6666667,0,0,2,80,0,1932.5,190414,235,1,173145
0,0,241115.8667,48.75,0,0,0,443,5385204,531.7142857,147674,119,1,71777
0,0,10.8,4,0,0,0,80,0,0,0,26883,1,0
0,36,76.8,36,0,0,1,53,0,52,3,-1,0,3
0,0,102239.4756,86.25,0,0,1,465,0,190.5833333,1755038,351,1,837065
1,8,19.2,8,0,0,1,80,119000000,0,119000000,235,0,119000000
0,0,0,0,0,0,0,80,0,0,0,65535,1,0
1,0,4068830.989,43.875,0,0,0,80,98600000,2319,68433,235,0,56174
1,0,6551225.636,72.6,0,0,1,80,85900000,1932.5,86100000,235,0,85900000
0,31,185.6111111,33.5,0,0,1,53,52500000,57.5,52500000,-1,0,52500000
0,6,0,6,1,0,1,49705,0,6,0,253,0,0
0,0,432888.8095,961.4193548,0,0,0,443,0,18.92592593,729355,348,1,259569
0,0,9707.541772,50.7755102,0,0,0,139,0,106.2666667,69265,269,1,43795
0,29,76.8,29,0,0,1,53,0,45,3,-1,0,3
1,8,19.2,8,0,0,1,80,105000000,0,105000000,235,0,105000000
0,0,320.3333333,15.5,0,0,0,443,0,0,0,-1,0,0
0,35,548.5714286,35,0,0,0,53,0,83,3,-1,0,3
1,0,0,0,0,0,0,80,0,0,0,-1,0,0
0,0,79845.22857,148.4285714,0,0,0,443,0,332.1666667,4546182,66,1,3865188
1,0,2631137.552,34.77777778,0,0,0,80,98300000,2319,43462,235,0,31074
0,37,76.8,37,0,0,1,53,0,53,3,-1,0,3
1,0,0,0,0,0,0,80,0,0,0,-1,0,0
1,0,2244175.397,61.5,0,0,1,80,100000000,1932.5,148426,235,0,133200
0,0,320.3333333,15.5,0,0,0,51730,0,0,0,-1,0,0
0,6,0,6,1,0,1,51685,0,6,0,16620,0,0
0,53,1200,53,0,0,1,53,0,113,0,-1,0,0
0,36,2539.2,36,0,0,1,53,0,128,47,-1,0,47
1,0,2946875.192,54.83333333,0,0,1,80,98300000,1932.5,13303,235,0,10857
1,0,1806424.335,71.6,0,0,1,80,84400000,1449.375,84500000,235,0,84400000
0,6,0,6,0,0,0,80,0,0,0,-1,0,0
1,6,7.2,6,0,0,0,80,0,0,0,235,0,0
0,0,370565.5132,58.33333333,0,0,0,443,0,864.0833333,321537,32,1,262597
1,0,56.33333333,6.5,0,0,0,80,0,0,0,235,0,0
1,0,0,0,0,0,0,80,0,0,0,-1,0,0
1,0,0,0,0,0,0,80,0,0,0,-1,0,0
0,64,936.3333333,64,0,0,1,53,0,117,0,-1,0,0
0,6,0,6,0,0,0,53948,0,0,0,-1,0,0
1,0,0,0,0,0,0,80,0,0,0,-1,0,0
0,0,258693.4107,146.6666667,0,0,1,80,0,475.25,374681,4814,1,187897
0,6,0,6,0,0,0,443,0,0,0,-1,0,0
1,0,2594021.244,64.2,0,0,1,80,85200000,1656.428571,85400000,235,0,85300000
0,33,780.3,33,0,0,1,53,0,84,48,-1,0,48
1,0,2627879.552,44.75,0,0,0,80,101000000,1932.5,78304,235,0,67090
1,0,2781643.451,44.14285714,0,0,0,80,98300000,1932.5,28532,235,0,17226
1,0,2923411.4,44.25,0,0,0,80,98700000,1932.5,56784,235,0,45333
1,0,1804143.016,77.6,0,0,1,80,84800000,1449.375,85000000,235,0,84800000
0,50,0,50,0,0,0,137,0,0,0,-1,0,0
0,42,456.3,42,0,0,1,53,0,81,4,-1,0,4
1,0,0,0,0,0,0,80,0,0,0,-1,0,0
0,82,307.2,82,0,0,1,53,0,114,4,-1,0,4
0,0,0,0,1,0,1,42182,0,0,0,237,0,0
0,0,11200000,1932.5,0,0,0,50492,0,177,986,229,1,986
1,0,5021472.6,41.625,0,0,0,80,100000000,1932.5,145551,235,0,134230
1,0,5675839.824,44.875,0,0,0,80,85300000,2319,102649,235,0,87385
0,41,1633.333333,41,0,0,1,53,0,111,0,-1,0,0
0,47,6926.8,48,0,0,1,53,0,184,241760,-1,0,241760
1,0,2780918.841,49.71428571,0,0,0,80,83200000,1932.5,175444,235,0,172745
0,50,85.33333333,50,0,0,1,53,0,66,0,-1,0,0
1,0,9547617.451,39,0,0,0,80,85300000,2898.75,162474,235,0,150525
1,0,0,0,0,0,0,80,0,0,0,-1,0,0
0,51,6256.333333,51,0,0,1,53,0,188,0,-1,0,0
0,34,974.7,34,0,0,1,53,0,91,182,-1,0,182
1,0,2593703.981,97.42857143,0,0,1,80,84800000,1656.428571,357586,235,0,220045
0,51,1240.333333,51,0,0,1,53,0,112,0,-1,0,0
0,6,0,6,0,0,0,80,0,0,0,-1,0,0
1,0,2028319.21,46.375,0,0,0,80,84400000,1932.5,148561,235,0,136279
0,6,23941.33333,140,0,0,0,54833,0,6,0,0,0,0
1,0,0,0,0,0,0,80,0,0,0,-1,0,0
0,6,0,6,0,0,0,80,0,0,0,-1,0,0
0,39,1153.2,39,0,0,1,53,0,101,48,-1,0,48
0,43,1044.3,43,0,0,1,53,0,102,4,-1,0,4
1,0,0,0,0,0,0,80,0,0,0,-1,0,0
0,41,662.7,41,0,0,1,53,0,88,48,-1,0,48
1,0,1227230.933,80.2,0,0,0,80,5886147,881.25,10900000,235,1,5886147
0,6,0,6,0,0,0,50445,0,0,0,-1,0,0
0,53,4256.333333,53,0,0,1,53,0,166,0,-1,0,0
0,0,165472.489,222.2857143,0,0,0,443,0,226.5,1996747,8,1,1990991
0,52,410.7,52,0,0,1,389,0,89,3,-1,0,3
1,0,2130245.604,54.83333333,0,0,1,80,101000000,1656.428571,56950,235,0,45539
0,33,325.952381,33,0,0,0,53,0,70,3,-1,0,3
0,34,974.7,34,0,0,1,53,0,91,3,-1,0,3
0,0,0,0,0,102.2976051,0,80,10200000,0,61400000,302,0,10200000
0,0,352139.587,64.65217391,0,16886.95582,0,443,5010290,504.3636364,111000000,1041,1,10000000
0,6,0,6,0,0,0,45040,0,0,0,-1,0,0
1,0,0,0,0,0,0,80,0,0,0,-1,0,0
1,6,9,6,0,0,0,80,0,0,0,235,0,0
0,6,0,6,1,0,1,19665,0,6,0,257,0,0
1,0,0,0,0,0,0,80,0,0,0,-1,0,0
0,0,34020.70175,76.18181818,0,0,0,443,0,112.1428571,205078,10163,1,101917
1,0,1856143.196,143.5555556,0,0,0,80,99700000,1932.5,984655,235,0,843056
0,42,456.3,42,0,0,1,53,0,81,48,-1,0,48
0,6,14682.56667,90.25,0,0,0,22540,0,6,0,0,0,0
0,35,691.2,35,0,0,1,53,0,83,3,-1,0,3
0,62,1408.333333,62,0,0,1,53,0,127,0,-1,0,0
0,0,520.9821429,24.6,0,0,0,443,0,23,4912034,126,0,4912034
1,0,0,0,0,0,0,80,0,0,0,-1,0,0
0,0,291573.859,53.71428571,0,0,0,443,0,701.6,189901,60,1,177262
0,36,307.2,36,0,0,1,53,0,68,48,-1,0,48
0,0,190.5525253,10.84210526,0,0,1,21,0,19.2,160553,229,1,81472
0,36,76.8,36,0,0,1,53,0,52,1,-1,0,1
1,0,2128301.516,65.83333333,0,0,1,80,85700000,1656.428571,85900000,235,0,85700000
1,0,0,0,0,0,0,80,0,0,0,-1,0,0
1,0,0,0,0,0,0,80,0,0,0,-1,0,0
0,6,355.952381,27,0,0,0,443,0,46,0,351,0,0
1,0,2626574.352,47.375,0,0,0,80,99300000,1932.5,144587,235,0,133368
1,0,2125462.835,72.5,0,0,1,80,98300000,1656.428571,98300000,235,0,98300000
0,33,410.7,33,0,0,1,53,0,70,4,-1,0,4
0,0,236815.1014,104.7272727,0,0,1,443,9959989,394.6666667,21200000,5532,1,10200000
0,47,2270.7,47,0,0,1,53,0,134,3,-1,0,3
0,0,0,0,1,0,1,443,0,0,0,68,0,0
0,0,0,0,0,140.5633471,1,80,10000000,0,119000000,62,0,10000000
1,0,2777473.209,57.16666667,0,0,1,80,98700000,1656.428571,98700000,235,0,98700000
0,6,0,6,0,0,1,56734,0,6,0,63504,0,0
1,0,2622206.352,53.71428571,0,0,1,80,99300000,1656.428571,8604,235,0,7989
0,6,552.25,21.66666667,0,0,0,443,0,0,0,-1,0,0
1,0,3425635.632,56,0,0,1,80,98400000,1656.428571,98400000,235,0,98400000
1,0,2943723.692,60.33333333,0,0,1,80,100000000,1932.5,166435,235,0,156141
0,34,1642.8,34,0,0,1,53,0,108,50,-1,0,50
0,0,109604.4645,27.125,0,80469.12414,0,80,10000000,129,115000000,939,1,10500000
1,0,1564153.765,62,0,0,0,80,98300000,1932.5,357440,235,0,222072
1,0,0,0,0,0,0,80,0,0,0,-1,0,0
0,0,10.8,4,0,0,0,80,0,0,0,65535,1,0
0,0,470.2333333,24.14285714,0,0,0,443,59000000,46,59000000,165,0,59000000
0,36,1116.3,36,0,0,1,53,0,97,3,-1,0,3
0,6,407.2727273,26,0,11011.0668,0,443,58000000,36,117000000,732,0,59200000
0,0,0,0,0,0,1,53079,0,0,0,65535,0,0
0,0,0,0,0,0,1,80,0,0,0,283,0,0
0,47,1387.2,47,0,0,1,53,0,115,47,-1,0,47
0,50,71.11111111,50,0,0,1,53,0,66,215,-1,0,163
1,0,7306307.187,44.125,0,0,0,80,84800000,2319,1563,235,0,888
0,6,208.3333333,18.5,0,0,0,17811,0,0,0,-1,0,0
0,35,76.8,35,0,0,1,53,0,51,49,-1,0,49
0,0,511817.9643,80.78571429,0,0,1,80,0,1376,180149,1024,1,89734
0,62,261.3333333,62,0,0,1,53,0,90,0,-1,0,0
0,0,1242106.971,17.125,0,15437.53052,1,80,9993481,1237.193548,110000000,946,1,10000000
1,0,0,0,0,0,0,80,0,0,0,-1,0,0
0,250,417720,250,0,0,1,88,0,1430,48,-1,0,48
0,49,5461.333333,49,0,0,1,53,0,177,0,-1,0,0
1,0,2630821.156,113,0,0,2,80,0,1932.5,56443,235,1,45184
1,0,3986389.756,75.4,0,0,1,80,85400000,1656.428571,85600000,235,0,85400000
1,0,2358784.447,89.5,0,0,1,80,97800000,1656.428571,148838,235,0,137303
0,0,215863.2904,62.23076923,0,268363.8937,0,443,5063419,458.9444444,111000000,383,1,10100000
1,0,0,0,0,0,0,80,0,0,0,-1,0,0
1,0,3049478.563,35.77777778,0,0,0,80,84800000,1932.5,4559,235,0,4133
0,34,307.2,34,0,0,1,53,0,66,4,-1,0,4
0,42,456.3,42,0,0,1,53,0,81,3,-1,0,3
0,6,0,6,1,0,1,59401,0,6,0,16069,0,0
0,48,1200,48,0,0,1,53,0,108,0,-1,0,0
1,0,2590513.897,62.33333333,0,0,1,80,84100000,1932.5,146544,235,0,133144
1,0,2240417.436,78.4,0,0,1,80,98900000,1656.428571,98900000,235,0,98900000
0,39,842.7,39,0,0,1,53,0,92,3,-1,0,3
0,6,0,6,0,0,0,80,0,0,0,-1,0,0
0,0,0,0,1,0,1,35016,0,0,0,229,0,0
1,0,0,0,0,0,0,80,0,0,0,-1,0,0
0,6,125,14.33333333,0,0,0,60352,0,6,0,0,0,0
0,30,3121.2,30,0,0,1,53,0,132,48,-1,0,48
0,48,3008.333333,48,0,0,1,53,0,143,0,-1,0,0
0,6,0,6,0,0,0,443,0,0,0,-1,0,0
0,62,0,62,0,0,0,137,0,0,0,-1,0,0
0,33,7680,33,0,0,1,53,0,193,4,-1,0,4
0,37,3370.8,37,0,0,1,53,0,143,3,-1,0,3
0,37,811.2,37,0,0,1,53,0,89,1,-1,0,1
1,0,4952638.678,120.6666667,0,0,2,80,0,1932.5,165498,235,1,152118
0,50,0,50,0,0,0,137,0,0,0,-1,0,0
1,0,3509287.174,69.2,0,0,1,80,84700000,1932.5,84800000,235,0,84700000
1,0,1650895.317,46.375,0,0,0,80,85000000,1656.428571,158648,235,0,143162
0,6,0,6,1,0,1,51424,0,6,0,255,0,0
1,0,4141142.963,65.8,0,0,0,80,82500000,2319,408493,235,0,230005
1,0,2941721.769,73.2,0,0,1,80,99000000,1656.428571,99200000,235,0,99000000
1,0,0,0,0,0,0,80,43200000,0,0,-1,0,0
0,0,83972.8,177.3333333,0,0,0,80,0,298,31337,123,1,31337
1,0,7106212.673,70,0,0,1,80,99300000,2319,99400000,235,0,99300000
0,0,0,0,1,0,2,52853,0,0,1,65535,0,1
0,6,0,6,1,0,1,51567,0,6,0,255,0,0
0,0,0,0,1,0,1,55720,0,0,0,299,0,0
0,0,178816.8645,122.8461538,0,22636.50357,1,443,5920722,219.6666667,76100000,167,1,10100000
0,6,0,6,1,0,1,49458,0,6,0,29200,0,0
0,58,12033.33333,58,0,0,1,53,0,248,0,-1,0,0
0,39,3060.3,39,0,0,1,53,0,140,49,-1,0,49
0,38,4538.7,38,0,0,1,53,0,161,48,-1,0,48
0,34,974.7,34,0,0,1,53,0,91,1,-1,0,1
0,58,1541.333333,58,0,0,1,53,0,126,0,-1,0,0
0,0,291573.859,53.71428571,0,0,0,443,0,701.6,90885,60,1,85764
1,0,1653149.667,41.125,0,0,0,80,84800000,1656.428571,157490,235,0,145093
0,35,2539.2,35,0,0,1,53,0,127,48,-1,0,48
0,59,1240.333333,59,0,0,1,53,0,120,0,-1,0,0
0,6,0,6,1,0,0,443,0,0,0,-1,0,0
0,0,470.2380952,24.6,0,0,0,443,5099534,46,0,179,0,0
0,40,901.3333333,40,0,0,1,53,0,92,0,-1,0,0
1,0,2451174.879,72.6,0,0,1,80,84300000,1449.375,84500000,235,0,84300000
0,6,405,27.66666667,0,0,0,54597,0,6,0,0,0,0
0,36,2376.3,36,0,0,1,53,0,125,53,-1,0,53
0,0,389064.9333,57.06666667,0,0,1,443,0,784.0666667,1234803,1013,1,747520
1,0,5.142857143,1,0,0,0,80,16000000,0,0,-1,0,0
0,42,1080,42,0,0,1,53,0,102,4,-1,0,4
0,6,13540.90476,75.6,0,0,0,53404,0,6,0,0,0,0
0,46,341.3333333,46,0,0,1,53,0,78,0,-1,0,0
1,0,6560920.992,49.66666667,0,0,0,80,84200000,2319,152112,235,0,139905
1,0,2770944.863,71.66666667,0,0,1,80,98700000,1656.428571,98700000,235,0,98700000
1,0,2244729.474,60.5,0,0,1,80,98700000,1932.5,138410,235,0,127094
1,0,6109805.929,4.378436273,0,0,0,444,0,3808.378927,119000000,235,0,995262
1,0,2243199.359,72.4,0,0,1,80,100000000,1656.428571,100000000,235,0,100000000
1,0,6177610.205,64.8,0,0,1,80,68400000,1932.5,68600000,235,0,68400000
0,0,827468.7785,44.71428571,0,122267.6175,1,443,5329861,1191.489362,111000000,139,1,10100000
0,0,188168.2273,125.9166667,0,90695.82508,0,443,9960006,265.9,111000000,391,1,10100000
0,6,0,6,1,0,1,18829,0,6,0,256,0,0
1,0,2625498.524,40.625,0,0,0,80,84800000,1932.5,147724,235,0,136321
0,45,4024.2,46,0,0,1,53,9847964,159.5,10000000,-1,0,10000000
0,36,76.8,36,0,0,1,53,0,52,3,-1,0,3
1,0,3228772.238,46.25,0,0,0,80,98400000,1932.5,1993,235,0,1755
1,0,2212034.696,42.25,0,0,0,80,84600000,1656.428571,147608,235,0,133191
0,6,156.25,14.33333333,0,0,0,51152,0,0,0,-1,0,0
0,30,6660.3,30,0,0,1,53,0,179,3,-1,0,3
0,0,188789.4571,78.11111111,0,0,1,443,0,359.0909091,1770400,254,1,483361
0,37,1968.3,37,0,0,1,53,0,118,4,-1,0,4
0,0,456.3333333,18.5,0,0,0,465,0,0,0,-1,0,0
0,0,456.3333333,18.5,0,0,0,49521,0,0,0,-1,0,0
1,0,0,0,0,0,0,80,0,0,0,-1,0,0
0,30,9398.7,30,0,0,1,53,0,207,3,-1,0,3
0,28,76.8,28,0,0,1,53,0,44,4,-1,0,4
0,6,0,6,0,0,0,80,0,0,0,-1,0,0
1,0,8453947.174,68.33333333,0,0,0,80,85300000,2319,148409,235,0,135126
0,23,0,23,0,0,1,53,0,23,1,-1,0,1
1,0,2633113.956,109,0,0,2,80,0,1932.5,157431,235,1,133242
0,6,0,6,0,0,0,55420,0,0,0,-1,0,0
0,0,320.3333333,15.5,0,0,0,443,0,0,0,-1,0,0
0,43,85.33333333,43,0,0,1,53,0,59,0,-1,0,0
1,0,0,0,0,0,0,80,0,0,0,-1,0,0
0,6,0,6,0,0,0,52939,0,0,0,-1,0,0
0,41,2218.8,41,0,0,1,53,0,127,4,-1,0,4
0,46,4915.2,46,0,0,1,53,0,174,49,-1,0,49
