Flow.Bytes,act_data_pkt_fwd,PSH.Flag.Count,Avg.Bwd.Segment.Size,Bwd.Packet.Length.Std,Bwd.Packet.Length.Min,min_seg_size_forward,Active.Std,Active.Max
1399,0,0,4.8,2.683281573,0,20,0,0
42,0,0,6,0,6,20,0,0
0,0,0,0,0,0,32,0,0
112,0,0,64,0,64,32,0,0
368,1,0,142,0,142,32,0,0
11633,4,1,8.666666667,10.26320288,0,20,0,0
160,0,0,105,0,105,32,0,0
42,0,0,6,0,6,20,0,13494
262,3,0,65,0,65,20,0,0
114,0,0,71,0,71,20,0,0
238,1,0,84,0,84,20,0,0
58,1,0,6,0,6,20,0,0
1405,0,0,5,2.449489743,0,20,0,23251
370,1,0,145,0,145,20,0,0
2741,5,1,222.2857143,508.4062399,0,20,0,0
232,1,0,66,0,66,20,0,0
0,0,0,0,0,0,32,0,0
42,0,0,6,0,6,20,0,0
156,1,0,47,0,47,20,0,0
11681,4,0,6.8,5.006662228,0,20,0,31171
12,0,0,6,0,6,20,0,0
5485,13,1,338.9285714,619.7256793,0,20,97971.95541,326794
400,1,0,164,0,164,20,0,0
11675,3,0,6.8,5.006662228,0,20,0,29432
12,1,1,2,3.464101615,0,20,0,0
172,0,0,118,0,118,20,0,0
11675,5,0,6.888888889,5.30199124,0,20,0,2012686
12,0,0,6,0,6,20,0,0
146,0,0,104,0,104,20,0,0
3360,1,0,1430,0,1430,32,0,0
380,1,0,159,0,159,20,0,0
192,1,0,56,0,56,32,0,0
11669,6,0,6.888888889,5.30199124,0,20,0,598153
194,0,0,132,0,132,20,0,0
4483,9,1,562,640.3012312,0,20,0,0
230,1,0,82,0,82,40,0,0
5640,4,1,756.8571429,985.1462546,0,20,0,0
1235,1,1,56.85714286,212.7399486,0,32,7454.997773,48284
5843,10,1,585.7777778,674.807524,0,20,0,0
0,0,0,0,0,0,32,0,0
296,1,0,0,0,0,20,0,0
36,0,0,6,0,6,20,0,0
526,1,0,233,0,233,32,0,0
6086,9,1,801.6666667,655.6153344,0,20,0,0
12,2,1,0,0,0,20,0,0
42,0,0,6,0,6,20,0,27682
12,1,0,0,0,0,20,0,0
36,0,0,6,0,6,20,0,0
18100,18,1,1077.25,1021.618879,0,20,0,0
276,1,0,90,0,90,32,0,0
42,0,0,6,0,6,20,0,0
212,1,0,61,0,61,20,0,0
212,1,0,69,0,69,20,0,0
2234,5,1,297.6666667,723.2586444,0,20,55722.13568,142757
11663,3,0,7,5.656854249,0,20,0,1944277
11675,3,0,6.888888889,5.30199124,0,20,0,1091616
36,0,0,6,0,6,20,0,0
4616,6,1,410.2,585.4502161,0,20,0,0
36,0,0,6,0,6,20,0,0
172,1,0,51,0,51,20,0,0
11675,5,0,6.888888889,5.30199124,0,20,0,21327
268,1,0,102,0,102,32,0,0
227,0,0,182,0,182,32,0,0
5629,4,1,256.8888889,491.9342243,0,32,72169.10332,288863
12,1,0,0,0,0,20,0,0
42,0,0,6,0,6,20,0,23784
1399,0,0,4.8,2.683281573,0,20,0,0
12,1,0,0,0,0,20,0,0
1715,13,0,37.64285714,86.9673742,0,20,1239325.262,3546854
36,0,0,6,0,6,20,0,13623
212,0,0,170,0,170,20,0,0
4236,1,1,984.75,683.6974843,0,32,0,0
184,0,0,140,0,140,32,0,0
290,1,0,114,0,114,20,0,0
142,0,0,89,0,89,32,0,0
0,0,0,0,0,0,32,0,0
11669,5,0,6.888888889,5.30199124,0,20,0,38988
9793,14,1,475.8235294,657.6791805,0,20,318166.7674,882262
36,0,0,6,0,6,20,0,8046
124,1,0,0,0,0,32,0,0
267,0,0,219,0,219,20,0,0
409,0,0,363,0,363,32,0,0
325,1,0,113,49.49747468,78,20,0,60992
181,4,0,46,0,46,20,0,0
452,1,0,193,0,193,32,0,0
36,0,0,6,0,6,20,0,25581
36,0,0,6,0,6,20,0,0
324,1,0,110,0,110,40,0,0
12,0,0,6,0,6,20,0,0
0,0,0,0,0,0,32,0,0
13032,3,0,6.222222222,5.783117191,0,20,0,18959
12,2,1,0,0,0,20,0,0
11675,3,0,6.8,5.006662228,0,20,0,38743
42,0,0,6,0,6,20,0,0
0,0,0,0,0,0,32,0,0
5596,12,1,263.3846154,570.5739126,0,20,67376.01237,214849
11675,5,0,6.888888889,5.30199124,0,20,0,40120
3295,6,1,545,712.0519644,0,20,0,0
1405,0,0,5,2.449489743,0,20,0,0
5247,8,1,692.5714286,679.9818275,0,20,0,514080
11627,4,1,13,9.899494937,6,20,0,0
36,0,0,6,0,6,20,0,10244
226,1,0,89,0,89,32,0,0
682,16,1,19.28,14.39189587,0,20,0,0
12,1,0,0,0,0,20,0,0
322,1,0,129,0,129,32,0,0
12,0,0,6,0,6,20,0,0
12,0,0,6,0,6,20,0,0
260,1,0,98,0,98,20,0,0
0,0,0,0,0,0,32,0,0
4003,13,1,239.4615385,492.9698462,0,20,97685.33762,351763
332,1,0,131,0,131,20,0,0
96,0,0,48,0,48,32,0,0
0,0,1,0,0,0,32,0,0
18491,13,1,4,3.098386677,0,20,0,0
511,1,0,194.5,44.54772721,163,20,0,24538
12,1,0,0,0,0,20,0,0
168,0,0,116,0,116,20,0,0
228,1,0,77,0,77,20,0,0
0,0,0,0,0,0,32,0,0
1442,15,1,52,134.8077997,0,20,41347.2732,222170
252,1,0,89,0,89,32,0,0
192,1,0,56,0,56,20,0,0
232,1,0,84,0,84,32,0,0
282,1,0,99,0,99,20,0,0
0,0,1,0,0,0,32,0,0
12,1,0,0,0,0,20,0,0
160,1,0,48,0,48,32,0,0
476,1,0,160,0,160,20,0,0
164,1,0,49,0,49,32,0,0
400,1,0,169,0,169,20,0,0
140,0,0,84,0,84,20,0,0
12,1,0,0,0,0,20,0,0
161,0,0,113,0,113,20,0,0
168,1,0,50,0,50,32,0,0
4562,9,1,572.7142857,642.9366776,0,20,0,0
78773,33,1,1326.135593,564.224688,0,20,84902.87874,184867
200,1,0,66,0,66,32,0,0
147,0,0,105,0,105,20,0,0
28934,5,1,856.71875,925.7204774,0,32,54200.6253,211395
528,3,0,188,0,188,20,0,0
280,1,0,102,0,102,32,0,0
312,1,0,120,0,120,20,0,0
2396,13,1,51.76190476,62.99436861,0,20,0,0
448,1,0,190,0,190,32,0,0
0,0,0,0,0,0,32,0,0
49,2,0,6,0,6,20,0,0
206,0,0,156,0,156,32,0,0
248,1,0,86,0,86,20,0,0
316,1,0,127,0,127,20,0,0
0,0,0,0,0,0,32,0,0
362,1,0,139,0,139,32,0,0
294,3,0,79,0,79,20,0,0
274,0,0,0,0,0,32,0,0
380,1,0,159,0,159,20,0,0
236,1,0,67,0,67,20,0,0
0,0,0,0,0,0,32,0,0
4110,7,1,619.3333333,679.9090135,0,20,0,0
276,1,0,86.5,28.99137803,66,20,0,30564
686,17,1,19.2,14.20387271,0,20,0,0
12,1,0,0,0,0,20,0,0
37,0,0,6,0,6,32,0,0
12,1,0,0,0,0,20,0,0
328,1,0,110.5,31.81980515,88,32,0,0
5702,8,1,273.7058824,485.0366951,0,32,630252.0522,982395
37,0,0,6,0,6,32,0,0
4755,10,1,601,1048.809961,0,20,0,0
5050,9,1,643.2857143,694.474793,0,20,0,0
6840,14,1,381.0625,567.4434443,2,20,183787.0621,500775
31,1,0,0,0,0,32,377830.3363,1036033
106,0,0,61,0,61,32,0,0
6061,16,1,144.7058824,405.720927,0,20,38957.50914,164260
0,0,0,0,0,0,32,0,0
546,3,0,203,0,203,20,0,0
188,1,0,55,0,55,20,0,0
208,1,0,60,0,60,32,0,0
496,1,0,188,0,188,32,0,0
0,0,0,0,0,0,32,0,0
224,1,0,83,0,83,20,0,0
328,1,0,106,0,106,32,0,0
234,1,0,83,0,83,32,0,0
12,1,0,0,0,0,20,0,0
2000,1,1,61.8,138.189001,0,32,0,0
5838,10,1,583.3333333,639.7827756,0,20,0,0
172,1,0,51,0,51,32,0,0
4442,7,1,444,735.1952122,0,20,834470.8546,1217041
194,0,0,151,0,151,32,0,0
340,0,0,282,0,282,32,0,0
169,2,0,46,0,46,32,0,0
155,0,0,108,0,108,32,0,0
266,1,0,94,0,94,32,0,0
262,1,0,96,0,96,20,0,0
12,1,0,0,0,0,20,0,0
754,5,1,47.66666667,77.42308011,0,20,0,529661
6,0,0,0,0,0,20,0,0
163,0,0,112,0,112,32,0,0
4040,9,1,216.2,272.6641402,0,20,0,0
207,0,0,155,0,155,32,0,0
12,0,0,6,0,6,20,0,0
12,0,0,6,0,6,20,0,0
302,1,0,116,0,116,20,0,0
12,1,0,0,0,0,20,0,0
3115,1,1,750.25,869.057104,0,32,0,0
636,3,0,107.5,57.15767665,58,20,0,0
323,1,0,106,52.32590181,69,32,0,30534
234,1,0,76,0,76,20,0,0
12,0,0,6,0,6,20,0,0
118,0,0,67,0,67,32,0,0
18,0,1,6,0,6,28,0,0
5709,1,1,83.58333333,289.54116,0,32,300383.4629,786463
3711,7,1,602.6,709.1556952,0,20,0,267156
156,0,0,113,0,113,20,0,0
316,0,0,222,0,222,32,0,0
2117,15,1,106.5333333,279.9269973,0,20,74344.08886,270185
172,0,0,119,0,119,20,0,0
96,0,0,48,0,48,20,0,0
0,0,0,0,0,0,32,0,0
3198,5,1,65.05882353,157.3592508,0,32,106151.7873,388850
12,1,0,0,0,0,20,0,0
312,1,0,119,0,119,20,0,0
794,3,1,39.75,79.5,0,32,0,115683
256,1,0,88,0,88,20,0,0
291,5,0,6,0,6,20,0,0
24,0,0,6,0,6,20,0,0
1579,2,1,273,386.0803025,0,20,0,0
192,1,0,56,0,56,32,0,0
12,1,0,0,0,0,20,0,0
156,1,0,47,0,47,32,0,0
12,0,0,6,0,6,20,0,0
0,0,0,0,0,0,32,0,0
210,1,0,74,0,74,32,0,0
188,1,0,55,0,55,20,0,0
0,0,0,0,0,0,32,0,0
169,2,0,46,0,46,32,0,0
0,0,0,0,0,0,32,0,0
368,1,0,137,0,137,32,0,0
758,1,0,345,0,345,20,0,0
480,3,0,124,0,124,20,0,0
319,1,0,116,24.04163056,99,20,0,0
76,1,0,0,0,0,32,0,0
92,1,0,23,0,23,32,0,0
6216,6,1,567.7777778,755.448671,0,32,0,178681
2063,1,1,298.8,496.593093,0,32,0,0
0,0,0,0,0,0,32,0,0
220,1,0,63,0,63,32,0,0
234,1,0,76,0,76,32,0,0
150,0,0,103,0,103,20,0,0
0,0,0,0,0,0,32,0,0
12,1,0,0,0,0,20,0,0
114,0,0,65,0,65,32,0,0
264,1,0,98,0,98,20,0,0
0,0,0,0,0,0,32,0,0
0,0,0,0,0,0,32,0,0
280,1,0,96,0,96,32,0,0
6244,14,0,382.4615385,918.9312284,6,20,88331.22781,248014
384,3,0,132,0,132,20,0,0
282,1,0,101,0,101,20,0,0
0,0,0,0,0,0,32,0,0
376,3,0,100,0,100,20,0,0
138,0,0,91,0,91,20,0,0
0,0,1,0,0,0,32,0,0
97933,16,1,746.6901408,742.1537113,0,32,0,0
5322,11,1,499.4444444,663.669743,0,20,0,0
428,1,0,176,0,176,32,0,0
208,1,0,68,0,68,20,0,0
0,0,0,0,0,0,32,0,0
254,0,0,168,0,168,20,0,0
576,5,0,48,0,48,20,0,8012455
304,1,0,117,0,117,32,0,0
148,1,0,45,0,45,32,0,0
12,2,1,0,0,0,20,0,0
0,0,0,0,0,0,32,0,0
7599,15,1,464.1428571,606.9526476,0,20,625217.452,956225
588,3,0,106,0,106,20,0,0
16336,26,1,561.9565217,729.1797059,2,20,638803.0784,2203392
172,1,0,51,0,51,32,0,0
304,1,0,122,0,122,20,0,0
234,3,0,39,0,39,20,0,0
114,0,0,65,0,65,20,0,0
82585,4,1,1205.492537,707.2789809,0,32,29654.3282,117830
228,1,0,86,0,86,32,0,0
6270,2,1,522,808.6789227,0,32,0,0
12,1,0,0,0,0,20,0,0
308,1,0,116,0,116,40,0,0
803,3,1,42,84,0,32,0,0
192,1,0,48,0,48,20,0,16268
931,15,1,18.28571429,66.71112071,0,20,78145.97167,301418
30,0,0,6,0,6,20,0,0
192,1,0,56,0,56,32,0,0
4346,6,1,765.8,717.1005508,0,20,0,0
224,1,0,79,0,79,32,0,0
238,3,0,61,0,61,20,0,0
330,1,0,120,0,120,20,0,0
2278,2,1,80.2,211.6480232,0,32,250085.4086,866285
260,1,0,79,0,79,32,0,0
12,1,0,0,0,0,20,0,0
648,1,0,290,0,290,20,0,0
11594,25,1,160.3636364,126.3489294,0,20,0,3205
12,0,0,6,0,6,20,0,0
392,1,0,106,0,106,32,0,0
297,1,0,98.5,20.50609665,84,20,0,48501
12,0,0,6,0,6,20,0,0
0,0,0,0,0,0,32,0,0
3884,6,1,701.6,731.5646246,0,20,0,0
7058,3,1,668.8888889,666.1327654,0,32,0,0
386,1,0,147.5,40.30508653,119,20,0,0
5899,4,1,254.5789474,506.7488218,0,32,37855.3857,158869
404,1,0,165,0,165,32,0,0
210,1,0,71,0,71,20,0,0
6423,7,1,545.6666667,646.6061398,0,20,0,233424
37,0,0,0,0,0,32,0,0
191,0,0,145,0,145,20,0,0
312,1,0,111,0,111,20,0,0
232,1,0,83,0,83,32,0,0
348,1,0,140,0,140,32,0,0
244,0,0,186,0,186,32,0,0
242,0,0,185,0,185,20,0,0
0,0,0,0,0,0,32,0,0
280,1,0,100,0,100,20,0,0
2120,8,1,106.9,208.8484033,0,20,0,0
188,1,0,63,0,63,20,0,0
220,1,0,63,0,63,20,0,0
165,0,0,126,0,126,32,0,0
184,1,0,54,0,54,32,0,0
286,1,0,99,0,99,20,0,0
160,1,0,48,0,48,20,0,0
236,3,0,50,0,50,20,0,0
2413,12,0,27.6,20.91752512,6,20,0,473599
24,0,0,6,0,6,20,0,0
6441,3,1,410.9285714,590.8613614,0,32,81624.84755,250367
359,1,0,122,4.242640687,119,20,0,0
9618,24,1,158.0454545,312.6752498,0,32,0,0
12,1,0,0,0,0,20,0,0
318,1,0,123,0,123,32,0,0
1872,5,1,188.6,349.7210317,0,32,0,0
0,0,0,0,0,0,32,0,0
110,0,0,63,0,63,20,0,0
290,1,0,98,0,98,32,0,0
18,0,0,6,0,6,20,0,0
0,0,0,0,0,0,32,0,0
329,1,0,118,77.78174593,63,20,0,23417
573,4,1,114.5,161.9274529,0,20,0,0
12,0,0,6,0,6,20,0,0
164,0,0,110,0,110,32,0,0
160,0,0,94,0,94,20,0,0
576,3,0,112,0,112,20,0,0
9580,4,1,373.9047619,689.0100075,0,32,515730.2893,1741316
49,1,0,6,0,6,20,0,0
3884,6,1,701.6,731.5646246,0,20,0,0
304,1,0,122,0,122,32,0,0
12,0,0,6,0,6,20,0,0
96,0,0,48,0,48,20,0,0
49,2,0,0,0,0,20,0,0
0,0,0,0,0,0,32,0,0
182,0,0,139,0,139,32,0,0
12,0,0,6,0,6,20,0,0
374,1,0,142,0,142,32,0,0
110,0,0,55,0,55,20,0,0
3414,7,1,606.4,803.866469,2,20,0,306609
228,1,0,77,0,77,20,0,0
9926,23,1,121,106.6869498,0,20,0,215582
150,0,0,94,0,94,32,0,0
12,0,0,6,0,6,20,0,0
12,1,0,0,0,0,20,0,0
448,3,1,3,4.242640687,0,20,0,0
568,1,0,206,0,206,20,0,0
264,1,0,91,0,91,32,0,0
248,1,0,88,0,88,20,0,0
5109,8,1,568.875,686.9292826,0,20,0,0
12,1,0,0,0,0,20,0,0
6,0,0,6,0,6,32,0,0
37,0,0,6,0,6,32,0,0
358,0,0,311,0,311,20,0,0
628,1,0,285,0,285,20,0,0
624,1,0,284,0,284,32,0,0
276,1,0,99,0,99,20,0,0
92,1,0,23,0,23,32,0,0
0,0,0,0,0,0,32,0,0
12,1,0,0,0,0,20,0,0
9118,19,1,194.2631579,425.4131119,0,20,1002247.027,3372267
0,0,0,0,0,0,32,0,0
592,3,0,105,0,105,20,0,0
0,0,0,0,0,0,32,0,0
12,0,0,6,0,6,20,0,0
12,1,0,0,0,0,20,0,0
2071,1,0,0,0,0,20,0,0
4612,3,1,671,722.5803762,0,32,0,332551
1745,6,1,93.5,192.3805752,0,20,0,484817
288,1,0,102,0,102,40,0,0
162,0,0,108,0,108,20,0,0
384,3,0,132,0,132,20,0,0
12,0,0,6,0,6,20,0,0
976,3,0,215,0,215,20,0,0
19382,30,1,358.6585366,453.6253195,0,20,1706616.359,2710613
11346,23,1,168.4,138.0916553,0,20,0,3531
280592,105,1,2269.458333,2218.021785,0,20,530636.393,1783655
0,0,0,0,0,0,32,0,0
18491,12,1,4,3.098386677,0,20,0,0
379,1,0,117,9.899494937,110,20,0,30744
436,1,0,173,96.16652224,105,32,0,0
92,1,0,23,0,23,32,0,0
176,0,0,124,0,124,20,0,0
12,1,0,0,0,0,20,0,0
400,1,0,164,0,164,20,0,0
12,0,0,6,0,6,20,0,0
286,1,0,100,0,100,32,0,0
12,0,0,6,0,6,20,0,0
96,0,0,48,0,48,32,0,0
0,0,0,0,0,0,32,0,0
8530,11,1,571,991.3601047,0,20,0,0
14644,34,0,238.3428571,326.3603154,6,20,28860.62566,147931
12,2,1,0,0,0,20,0,0
0,0,0,0,0,0,32,0,0
352,1,0,130,0,130,20,0,0
320,1,0,122,0,122,32,0,0
37,1,0,0,0,0,32,0,0
228,1,0,77,0,77,20,0,0
542,15,1,8.714285714,30.92031588,0,20,27962.5687,128702
284,1,0,103,0,103,32,0,0
342,1,0,138,0,138,40,0,0
12433,7,1,345.7777778,589.7415741,0,32,624514.7091,1614643
43,2,0,0,0,0,20,0,0
298,1,0,105,0,105,20,0,0
498,3,0,127,0,127,20,0,0
12,0,0,6,0,6,20,0,0
167,0,0,112,0,112,32,0,0
0,0,0,0,0,0,32,0,0
9660,33,1,167.5714286,317.1563547,0,20,0,0
322,1,0,129,0,129,32,0,0
314,1,0,110,0,110,32,0,0
0,0,0,0,0,0,32,0,0
226,1,0,79,0,79,32,0,0
44165,2,1,1555.75,809.0294883,0,32,0,0
234,1,0,83,0,83,32,0,0
96,0,0,48,0,48,20,0,0
7583,15,1,412.7333333,575.0485031,0,20,263436.874,387865
176,1,0,52,0,52,32,0,0
36126,24,1,1066.848485,601.70794,0,20,81487.69257,189092
18,0,0,6,0,6,20,0,0
9302,10,1,25.42857143,54.09515426,0,20,0,0
74,1,0,0,0,0,20,0,0
4898,12,1,356,560.5635152,0,20,100633.3158,383149
0,0,0,0,0,0,32,0,0
204,1,0,67,0,67,20,0,0
279,1,0,94,49.49747468,59,32,0,48041
166,0,0,123,0,123,32,0,0
204,1,0,62,0,62,32,0,0
236,0,0,159,0,159,20,0,0
454,1,0,184,0,184,20,0,0
2712,2,1,569.75,1131.503535,0,20,0,0
396,1,0,160,0,160,32,0,0
12,1,0,0,0,0,20,0,0
18,1,0,6,0,6,20,0,0
17407,35,1,340.35,411.4784195,0,20,0,2981784
2086,5,1,251.8333333,531.1954129,0,20,0,0
4653,4,1,359.0909091,569.9183195,0,32,0,0
228,1,0,77,0,77,20,0,0
12,1,0,0,0,0,20,0,0
89,1,0,6,0,6,32,0,0
250,1,0,91,0,91,20,0,0
324,1,0,132,0,132,20,0,0
0,0,0,0,0,0,32,0,0
0,0,0,0,0,0,32,0,0
256,0,0,170,0,170,32,0,0
0,0,0,0,0,0,32,0,0
4571,19,1,183.5555555556,424.892958454,0,20,167729.482928966,667603
344,1,0,119,0,119,32,0,0
196,1,0,57,0,57,20,0,0
12,1,0,0,0,0,20,0,0
280,1,0,102,0,102,20,0,0
226,1,0,81,0,81,32,0,0
12,0,0,6,0,6,20,0,0
326,1,0,112,0,112,32,0,0
29,1,0,0,0,0,32,0,0
226,0,0,177,0,177,32,0,0
6438,8,1,513.2727272727,715.1025228468,0,20,222049.203669667,413453
3560,10,1,193.2,502.2765506505,0,20,0,0
398,0,0,343,0,343,20,0,0
0,0,0,0,0,0,32,0,0
12,2,1,0,0,0,20,0,0
37,0,0,6,0,6,32,0,0
173,0,0,117,0,117,32,0,0
0,0,0,0,0,0,32,0,0
1507,15,1,70.3571428571,261.530291566,0,20,98958.6809775584,352784
404,1,0,172,0,172,32,0,0
12,2,1,0,0,0,20,0,0
13803,5,1,872.5,675.4791746491,0,32,0,0
1523,4,1,112,243.7498717948,0,20,13935.6604436245,70120
37,0,0,0,0,0,32,0,0
12,1,0,0,0,0,20,0,0
248,1,0,89,0,89,32,0,0
27959,7,1,919.2068965517,774.2293116988,0,32,161776.132040545,250795
7673,3,1,464.6666666667,847.7865016506,0,32,228396.231374703,609901
234,1,0,79,0,79,32,0,0
12,2,1,0,0,0,20,0,0
12,0,0,6,0,6,20,0,0
43,0,0,6,0,6,32,0,0
276,1,0,94,0,94,20,0,0
1162,1,1,52.4166666667,181.5766596601,0,32,36821.1125064722,207218
162,0,0,108,0,108,32,0,0
12,1,0,0,0,0,20,0,0
420,1,0,180,0,180,32,0,0
49,1,0,6,0,6,20,0,0
362,1,0,139,0,139,32,0,0
12,1,0,0,0,0,20,0,0
276,1,0,94,0,94,20,0,0
7048,15,1,380.5333333333,554.376466552,0,20,438878.103529177,1126103
37,1,0,0,0,0,20,0,0
326,1,0,112,0,112,20,0,0
297,1,0,101,45.2548339959,69,32,0,31006
486,1,0,207,0,207,44,0,0
37,0,0,0,0,0,32,0,0
7594,8,1,594.1,599.885998429,2,20,0,0
12,0,0,6,0,6,20,0,0
202,1,0,69,0,69,32,0,0
397,0,0,342,0,342,32,0,0
290,1,0,98,0,98,32,0,0
150,0,0,89,0,89,32,0,0
0,0,0,0,0,0,32,0,0
28575,4,1,886.8387096774,958.3971026937,0,32,195348.289790003,700821
12,1,0,0,0,0,20,0,0
10338,12,1,590.6,612.8308785581,0,20,1424733.18995681,2065313
43,1,0,6,0,6,20,0,0
0,0,0,0,0,0,32,0,0
12,1,0,0,0,0,20,0,0
12,0,0,6,0,6,20,0,0
308,1,0,117,0,117,32,0,0
3709,7,1,59.875,123.4300698487,0,32,0,0
10380,4,1,439.1818181818,636.3412259505,0,32,58725.3010123611,239733
262,1,0,92,0,92,32,0,0
8728,5,1,460.8571428571,650.9739280071,0,32,197131.925572107,565732
179,0,0,139,0,139,32,0,0
37,0,0,0,0,0,32,0,0
552,1,0,202,0,202,20,0,0
12,2,1,0,0,0,20,0,0
314,1,0,119,0,119,32,0,0
201,0,0,151,0,151,32,0,0
160,1,0,48,0,48,32,0,0
444,1,0,152,0,152,20,0,0
216,1,0,76,0,76,20,0,0
324,3,0,86,0,86,20,0,0
4801,5,1,395,587.4831439662,0,32,0,0
0,0,0,0,0,0,32,0,0
204,1,0,59,0,59,20,0,0
37,0,0,0,0,0,32,0,0
12,1,0,0,0,0,20,0,0
0,0,0,0,0,0,32,0,0
12,1,0,0,0,0,20,0,0
92,0,0,54,0,54,20,0,0
803,3,1,42,84,0,32,0,151321
185,1,1,0,0,0,32,0,0
564,1,0,243,0,243,20,0,0
37,0,0,0,0,0,32,0,0
420,1,0,180,0,180,20,0,0
18,0,0,6,0,6,32,0,0
198,0,0,151,0,151,32,0,0
18,1,0,6,0,6,20,0,0
416,1,0,163,0,163,32,0,0
0,0,0,0,0,0,32,0,0
37,0,0,0,0,0,32,0,0
12,1,0,0,0,0,20,0,0
12347,4,1,489,639.3104097385,0,32,889404.775078897,2552864
2448,16,1,99.8666666667,262.3339928593,0,20,56598.0662253311,198798
196,1,0,57,0,57,20,0,0
376,1,0,142,0,142,32,0,0
5784,5,1,534.3333333333,648.6534128485,0,32,0,0
168,0,0,125,0,125,40,0,0
6,1,0,0,0,0,20,0,0
12,0,0,6,0,6,20,0,0
294,1,0,101,0,101,20,0,0
212,1,0,61,0,61,32,0,0
12,1,0,0,0,0,20,0,0
0,0,0,0,0,0,32,0,0
192,1,0,56,0,56,32,0,0
65,2,0,0,0,0,20,0,0
144,0,0,89,0,89,20,0,0
5605,5,1,649,768.236725669,0,32,0,0
3081,12,0,0,0,0,20,0,0
0,0,1,0,0,0,32,0,0
224,0,0,153,0,153,20,0,0
350,1,0,128,0,128,32,0,0
192,1,0,56,0,56,32,0,0
336,1,0,127,0,127,32,0,0
0,0,0,0,0,0,32,0,0
906,2,0,0,0,0,32,0,48
181,4,0,46,0,46,20,0,0
12,2,1,0,0,0,20,0,0
4486,3,1,683.1666666667,666.9591941541,0,32,0,154932
238,1,0,80,0,80,20,0,0
427,1,0,164,19.7989898732,150,32,0,137074
12,1,0,0,0,0,20,0,0
4600,3,1,1061,1308.7648120779,0,32,0,121665
2466,2,1,106.1333333333,280.0851571185,0,32,1063633.84290566,3551616
1192,5,1,95.8,149.5299301143,0,32,0,0
161,0,0,112,0,112,20,0,0
163,0,0,112,0,112,32,0,0
252,1,0,81,25.4558441227,63,20,0,30877
284,1,0,99,0,99,32,0,0
181,0,0,117,0,117,40,0,0
0,0,0,0,0,0,32,0,0
3768,6,1,844.5,960.4111966583,0,20,0,0
29,1,0,0,0,0,32,0,0
15255,12,1,925.1875,1038.6979810481,0,20,37518.8457978121,90152
166,0,0,111,0,111,20,0,0
37,1,0,0,0,0,32,0,0
1233,1,1,56.8571428571,212.7399485623,0,32,7554.95733217,48685
624,1,0,284,0,284,20,0,0
116,0,0,66,0,66,20,0,0
252,1,0,96,0,96,32,0,0
762,1,0,346,0,346,20,0,0
1520,4,1,98.8,149.2136052778,0,20,0,0
12,1,0,0,0,0,20,0,0
6,0,0,6,0,6,32,0,0
0,0,0,0,0,0,32,0,0
5703,2,1,268.1111111111,574.0176149059,0,32,638194.085818855,2140253
0,0,0,0,0,0,32,0,0
232,0,0,180,0,180,32,0,0
308,1,0,115,0,115,20,0,0
4534,13,1,283.4615384615,557.7283710709,0,20,190298.342932792,516715
4504,7,1,647.3333333333,686.9036807782,2,20,0,0
0,0,0,0,0,0,32,0,0
12,0,0,6,0,6,20,0,0
37,1,0,0,0,0,20,0,0
1054,1,1,47.8,106.8840493245,0,32,0,76206
0,0,0,0,0,0,32,0,0
228,1,0,77,0,77,40,0,0
424189,159,1,1632.9299610895,715.8779103837,0,20,0,7524746
0,0,0,0,0,0,32,0,0
156,0,0,110,0,110,32,0,0
220,0,0,176,0,176,32,0,0
192,1,0,56,0,56,20,0,0
404,1,0,172,0,172,32,0,0
196,1,0,57,0,57,20,0,0
220,1,0,71,0,71,32,0,0
9618,24,1,158.0454545455,312.6752498029,0,32,0,0
134,0,0,83,0,83,20,0,0
294,1,0,108,0,108,20,0,0
259,0,0,215,0,215,20,0,0
18,2,0,0,0,0,20,0,0
2271,5,1,186.5,393.118684369,0,32,0,0
316,1,0,119,0,119,20,0,0
12,1,0,0,0,0,20,0,0
18,1,0,6,0,6,20,0,0
0,0,1,0,0,0,40,0,7007273
12,0,0,6,0,6,20,0,0
17105,19,1,542.9583333333,519.632937267,0,20,0,0
228,1,0,77,0,77,32,0,0
185333,54,1,1690.4311926606,737.02387477,0,20,0,0
147,0,0,103,0,103,32,0,0
152,1,0,54,0,54,32,0,0
14642,21,0,379.9310344828,604.6728708882,6,20,750614.354326175,1148368
276,1,0,110,0,110,40,0,0
434,3,0,137,0,137,20,0,0
212,1,0,61,0,61,20,0,0
240,1,0,85,0,85,44,0,0
5253,11,1,609.1428571429,654.3781853973,0,20,0,0
192,1,0,56,0,56,20,0,0
146,0,0,89,0,89,32,0,0
37,0,0,0,0,0,32,0,0
0,0,0,0,0,0,32,0,0
73414,3,1,1425.6862745098,1125.7224256485,0,32,68285.6252112323,244546
3740,5,1,379.125,639.9840260283,0,32,0,0
12,0,0,6,0,6,20,0,0
181,0,0,136,0,136,32,0,0
286,1,0,99,0,99,20,0,0
2207,1,1,197,591,0,32,20341.4064975852,68920
1950,38,0,0,0,0,20,0,0
102,0,0,59,0,59,44,0,0
37,0,0,0,0,0,32,0,0
4138,5,1,630.3333333333,677.217148828,0,20,0,0
0,0,0,0,0,0,32,0,0
0,0,0,0,0,0,32,0,0
234,1,0,82,0,82,20,0,0
128,0,0,72,0,72,20,0,0
314,1,0,110,0,110,20,0,0
6458,2,1,538.6666666667,834.4988116628,0,32,0,0
37,0,0,0,0,0,32,0,0
12,0,0,6,0,6,20,0,0
12,1,0,0,0,0,20,0,0
742,1,0,326,0,326,20,0,0
0,0,0,0,0,0,32,0,0
1126,3,1,80.5,169.5051621633,0,32,0,0
224,1,0,79,0,79,32,0,0
12,0,0,6,0,6,20,0,0
0,0,0,0,0,0,32,0,0
106,0,0,61,0,61,32,0,0
517,2,0,119.3333333333,41.2350983185,73,32,15813.0289476748,23354
362,3,0,103,0,103,20,0,0
136,0,0,84,0,84,20,0,0
147,0,0,102,0,102,32,0,0
9452,37,1,153.2272727273,312.1874707821,0,20,0,0
401,0,0,356,0,356,44,0,0
128,0,0,78,0,78,20,0,0
185,0,0,130,0,130,20,0,0
202,0,0,146,0,146,20,0,0
12,0,0,6,0,6,20,0,0
430,1,0,178,0,178,32,0,0
4833,11,1,521.8571428571,647.9031379693,0,20,0,0
226,0,0,177,0,177,32,0,0
12,1,0,0,0,0,20,0,0
270,1,0,101,0,101,32,0,0
262,1,0,96,0,96,32,0,0
1111,9,1,66.8,194.3838127691,0,20,33599.3923913315,125004
116,0,0,66,0,66,32,0,0
4748,4,1,201.0588235294,437.1670834172,0,32,64561.0624783494,247150
148,0,0,100,0,100,40,0,0
188,1,0,55,0,55,20,0,0
14667,24,1,394.76,600.3057054535,0,20,190459.553289338,674918
0,0,0,0,0,0,32,0,0
204,1,0,59,0,59,32,0,0
72280,4,1,1324.8703703704,1025.5826516337,0,32,88416.7327436077,310156
142,0,0,100,0,100,32,0,0
0,0,0,0,0,0,32,0,0
4,1,1,0,0,0,24,0,0
258,1,0,93,0,93,20,0,0
171,0,0,113,0,113,32,0,0
16,1,1,6,0,6,24,0,0
4,1,1,0,0,0,24,0,0
12,0,1,1.2,2.529822128,0,36,2126090.486,3006750
175,0,0,118,0,118,40,0,0
256,1,0,90,0,90,20,0,0
6384,12,1,376.1333333,651.7936644,0,20,207542.5986,614823
6194,4,1,252,501.1586575,0,32,127240.6711,469537
0,0,0,0,0,0,32,0,0
3231,1,1,777.5,671.0238446,0,32,0,0
12,1,0,0,0,0,20,0,0
0,0,0,0,0,0,32,0,0
16,1,1,6,0,6,24,0,0
45206,19,1,1757.96,1105.634376,0,20,0,0
0,0,0,0,0,0,32,0,0
0,0,0,0,0,0,32,0,0
785,3,1,37.5,75,0,32,0,440209
1296,1,1,214.75,429.5,0,32,0,0
352,3,0,116,0,116,32,0,0
1360,1,1,229.75,459.5,0,32,0,0
0,0,0,0,0,0,32,0,0
16,1,1,6,0,6,24,0,0
4014,3,1,609.8333333,703.075079,0,32,0,219303
292,1,0,105,0,105,32,0,0
324,1,0,132,0,132,32,0,0
12,0,0,6,0,6,20,0,0
12,1,0,0,0,0,20,0,0
192,0,0,149,0,149,32,0,0
31,0,0,0,0,0,32,0,0
253,2,0,0,0,0,20,0,0
314,1,0,107,0,107,32,0,0
262,1,0,85,0,85,20,0,0
648,3,0,132,0,132,20,0,0
382,1,0,158,0,158,32,0,0
12,0,0,6,0,6,20,0,0
16,1,1,6,0,6,24,0,0
279,6,0,46,0,46,20,12.72792206,77931
4653,4,1,395,587.483144,0,32,0,0
220,0,0,176,0,176,32,0,0
201,0,0,144,0,144,32,0,0
1939,4,1,85.14285714,167.7860032,0,32,71151.91275,117703
240,1,0,88,0,88,20,0,0
140,0,0,91,0,91,20,0,0
164,1,0,49,0,49,20,0,0
172,1,0,51,0,51,32,0,0
4,1,1,0,0,0,24,0,0
173,0,0,126,0,126,20,0,0
96,0,0,48,0,48,32,0,0
418,1,0,170,0,170,32,0,0
181,4,0,46,0,46,20,0,77873
16,1,1,6,0,6,24,0,0
376,1,0,143.5,47.37615434,110,20,0,61625
16,1,1,6,0,6,24,0,0
16,1,0,2,0,2,20,0,0
5016,13,1,302.6923077,569.6174717,2,20,93858.29611,314541
0,0,0,0,0,0,32,0,0
279,6,0,46,0,46,20,0,86810
8395,4,1,578.25,665.6325939,0,32,0,320204
0,0,0,0,0,0,32,0,0
6264,13,1,398.5384615,570.2849603,0,20,0,0
236,1,0,83,0,83,32,0,0
440,1,0,174,0,174,32,0,0
16,1,1,6,0,6,24,0,0
13362,4,1,499.8,794.4286536,0,32,305221.1799,733477
0,0,0,0,0,0,32,0,0
181,0,0,136,0,136,32,0,0
68694,41,1,1188.526316,827.8192976,0,20,45780.64884,189777
832,10,1,42.54545455,137.1483603,0,20,127380.5694,431681
16,1,1,6,0,6,24,0,0
16,1,0,2,0,2,20,0,0
6288,8,1,445.4545455,731.7474105,0,20,0,0
83,2,0,0,0,0,20,0,0
270,0,0,176,0,176,20,0,0
4,1,1,0,0,0,24,0,0
16,1,1,6,0,6,24,0,0
0,0,0,0,0,0,32,0,0
337,1,0,115,25.45584412,97,32,0,31503
18,2,0,0,0,0,20,0,0
12,1,0,0,0,0,20,0,0
12,0,0,6,0,6,20,0,0
157,0,0,111,0,111,32,0,0
16,1,1,6,0,6,24,0,0
4500,8,1,441.8888889,600.3041822,0,20,0,0
176,1,0,52,0,52,20,0,0
12,1,0,0,0,0,20,0,0
228,1,0,65,0,65,20,0,0
7198,4,1,343.5882353,549.7805311,0,32,318690.1475,831724
282,1,0,103,0,103,20,0,0
0,0,0,0,0,0,32,0,0
110,0,0,71,0,71,40,0,0
384,3,0,132,0,132,20,0,0
6624,3,1,313.0588235,653.4061209,0,32,1688335.931,5636392
0,0,0,0,0,0,32,0,0
3231,1,1,777.5,671.0238446,0,32,0,0
1371,5,1,50.85714286,71.452615,0,20,0,0
212,1,0,61,0,61,32,0,0
4,1,1,0,0,0,24,0,0
204,1,0,67,0,67,32,0,0
216,0,0,150,0,150,32,0,0
0,0,0,0,0,0,32,0,0
160,0,0,112,0,112,40,0,0
262,1,0,86,0,86,32,0,0
4,1,1,0,0,0,24,0,0
0,0,1,0,0,0,32,0,0
31,0,0,0,0,0,32,0,0
420,3,0,134,0,134,20,0,0
266,1,0,94,0,94,32,0,0
12,1,0,0,0,0,20,0,0
4,1,1,0,0,0,24,0,0
288,1,0,100,0,100,20,0,0
370,1,0,146,0,146,32,0,0
228,1,0,71,0,71,32,0,0
392,1,0,155,0,155,20,0,0
4,1,1,0,0,0,24,0,0
0,0,1,0,0,0,32,0,0
0,0,0,0,0,0,32,0,0
156,0,0,94,0,94,40,0,0
12,1,0,0,0,0,20,0,0
308,1,0,124,0,124,40,0,0
614,12,1,17.52,15.98468017,0,32,0,0
482,1,0,184.5,2.121320344,183,32,0,61378
181,4,0,46,0,46,20,0,233752
548,1,0,233,0,233,20,0,0
12,1,0,0,0,0,20,0,0
4,1,1,0,0,0,24,0,0
4,1,1,0,0,0,24,0,0
4,1,1,0,0,0,24,0,0
16,1,1,6,0,6,24,0,0
4,1,1,0,0,0,24,0,0
4,1,1,0,0,0,24,0,0
326,1,0,128,0,128,40,0,0
4996,3,1,348.5833333,555.6922723,0,32,151875.0977,368112
82,1,0,6,0,6,32,0,0
164,0,0,110,0,110,32,0,0
0,0,0,0,0,0,32,0,0
0,0,0,0,0,0,32,0,0
12,0,0,6,0,6,20,0,0
4,1,1,0,0,0,24,0,0
468,1,0,156,0,156,32,0,0
324,1,0,110,0,110,20,0,0
4,1,1,0,0,0,24,0,0
184,0,0,138,0,138,20,0,0
1613,2,1,277,546.007326,0,20,0,0
30905,21,0,261.4210526,496.9238928,0,32,935304.9887,1402814
4,1,1,0,0,0,24,0,0
282,1,0,103,0,103,32,0,0
247,1,0,0,0,0,20,0,0
6626,4,1,288,527.7705841,0,32,34596.9883,165153
12,1,0,0,0,0,20,0,0
1177,1,1,24.41666667,84.58181444,0,32,73062.23185,426952
49,2,0,6,0,6,20,0,0
4466,7,1,680,735.9410302,0,20,0,184964
4653,4,1,359.0909091,569.9183195,0,32,0,0
14073,13,1,887.2666667,939.1352,0,20,208624.8466,432320
24,0,0,6,0,6,20,0,0
3491,3,0,6,0,6,32,0,0
212,1,0,69,0,69,32,0,0
12,1,0,0,0,0,20,0,0
12,0,0,6,0,6,20,0,0
157,0,0,113,0,113,32,0,0
4,1,1,0,0,0,24,0,0
49,2,0,6,0,6,20,0,0
344,1,0,128,0,128,20,0,0
508,3,0,162,0,162,20,0,0
208,1,0,60,0,60,20,0,0
4,1,1,0,0,0,24,0,0
181,4,0,46,0,46,20,0,0
148,1,0,45,0,45,20,0,0
12,1,0,0,0,0,20,0,0
128,0,0,72,0,72,20,0,0
0,0,0,0,0,0,32,0,0
238,1,0,80,0,80,20,0,0
384,3,0,128,0,128,20,0,0
16,1,1,6,0,6,24,0,0
16,1,1,6,0,6,24,0,0
4,1,1,0,0,0,24,0,0
279,6,0,46,0,46,20,0,93466
12,0,0,6,0,6,20,0,0
228,1,0,65,0,65,20,0,0
300,1,0,105,0,105,32,0,0
268,1,0,83,0,83,20,0,0
0,0,0,0,0,0,32,0,0
5698,3,1,638.5,654.5687784,0,32,0,399851
204,0,0,148,0,148,32,0,0
82409,3,1,1423.357143,1076.245856,0,32,127668.2572,447421
16,1,1,6,0,6,24,0,0
12,1,0,0,0,0,20,0,0
16,1,1,6,0,6,24,0,0
6007,7,1,387.3076923,574.3652126,0,32,0,0
4863,3,1,577.1428571,668.4610257,0,32,0,0
12,1,0,0,0,0,20,0,0
228,1,0,77,0,77,20,0,0
12,0,0,6,0,6,20,0,0
186,0,0,123,0,123,20,0,0
4,1,1,0,0,0,24,0,0
4,1,1,0,0,0,24,0,0
0,0,0,0,0,0,32,0,0
12,2,1,0,0,0,20,0,0
196,1,0,57,0,57,20,0,0
169,2,0,46,0,46,32,0,33739
16,1,1,6,0,6,24,0,0
224,1,0,83,0,83,32,0,0
506,3,0,163,0,163,20,0,0
16,1,1,6,0,6,24,0,0
516,1,0,225,0,225,32,0,0
340,1,0,135,0,135,20,0,0
16,1,1,6,0,6,24,0,0
0,0,0,0,0,0,32,0,0
362,1,0,143,0,143,32,0,0
248,0,0,199,0,199,32,0,0
4,1,1,0,0,0,24,0,0
18,1,0,6,0,6,20,0,0
485,3,1,25.66666667,44.61688768,0,32,0,426409
0,0,0,0,0,0,32,0,0
4,1,1,0,0,0,24,0,0
0,0,0,0,0,0,32,0,0
12,1,0,0,0,0,20,0,0
12,2,1,0,0,0,20,0,0
1183,1,1,53.28571429,199.3768865,0,32,18035.27406,96199
218,0,0,142,0,142,32,0,0
328,1,0,116,7.071067812,111,20,0,61467
1316,2,1,218,428.0093457,0,20,0,0
4,1,1,0,0,0,24,0,0
12,1,0,0,0,0,20,0,0
542,3,0,203,0,203,20,0,0
4,1,1,0,0,0,24,0,0
250,1,0,91,0,91,32,0,0
0,0,0,0,0,0,32,0,0
12,1,0,0,0,0,20,0,0
236,1,0,73,0,73,20,0,0
124,0,0,86,0,86,20,0,0
4,1,1,0,0,0,24,0,0
0,0,0,0,0,0,32,0,0
236,3,0,50,0,50,20,0,0
0,0,0,0,0,0,32,0,0
7570,14,1,465.4615385,690.2762268,0,20,87737.80941,210852
212,1,0,69,0,69,20,0,0
172,1,0,53,0,53,32,0,0
18,1,0,6,0,6,20,0,0
0,0,0,0,0,0,32,0,0
4,1,1,0,0,0,24,0,0
16,1,1,6,0,6,24,0,0
648,1,0,277,0,277,20,0,0
1905,4,1,39,118.8343385,0,32,69608.03509,267748
212,1,0,81,0,81,20,0,0
12,1,0,0,0,0,20,0,0
165,0,0,113,0,113,32,0,0
140,0,0,78,0,78,20,0,0
398,1,0,165,0,165,20,0,0
169,0,0,128,0,128,32,0,0
528,3,0,188,0,188,32,0,0
200,1,0,66,0,66,32,0,0
312,1,0,124,0,124,20,0,0
432,1,0,132,0,132,20,0,0
12,1,0,0,0,0,20,0,0
2282,12,1,137.3846154,491.7468079,0,20,8195.763387,47655
250,1,0,88,0,88,20,0,0
12,0,0,6,0,6,20,0,0
9597,6,1,375.7777778,577.0257312,0,20,0,0
1449,3,1,81.22222222,191.7392616,0,32,0,0
3388,1,0,1442,0,1442,20,0,0
0,0,0,0,0,0,32,0,0
10104,10,1,604.9090909,1009.026507,0,32,0,0
152,0,0,108,0,108,32,0,0
12,1,0,0,0,0,20,0,0
11422,10,1,586.7058824,702.1690292,2,20,0,1417594
314,1,0,110,0,110,32,0,0
550,1,0,237,0,237,32,0,0
236,1,0,73,0,73,32,0,0
163,0,0,112,0,112,32,0,0
226,0,0,177,0,177,20,0,0
328,1,0,90,0,90,20,0,0
0,0,0,0,0,0,32,0,0
12,0,0,6,0,6,20,0,0
248,1,0,86,0,86,32,0,0
160,1,0,48,0,48,20,0,0
88,0,0,52,0,52,32,0,0
12,0,0,6,0,6,20,0,0
43,2,0,0,0,0,20,0,0
12,1,0,0,0,0,20,0,0
0,0,0,0,0,0,32,0,0
2735,13,1,140.6363636,330.8716587,0,20,320931.7264,538938
12,1,0,0,0,0,20,0,0
0,0,0,0,0,0,32,0,0
0,0,0,0,0,0,32,0,0
312,1,0,111,0,111,32,0,0
3559,7,1,636,757.5711188,0,20,0,0
11114,15,1,539.6842105,663.6793112,0,20,53116.44719,139909
72390,37,1,1299.365385,740.4772978,0,20,0,0
2206,1,1,197.1111111,591.3333333,0,32,18155.89307,80283
241237,14,1,1435.8,897.7327961,0,32,0,0
138,0,0,100,0,100,20,0,0
212,1,0,61,0,61,20,0,0
296,1,0,106,0,106,20,0,0
271,0,0,218,0,218,20,0,0
250,1,0,91,0,91,32,0,0
318,1,0,125,0,125,20,0,0
730,3,0,271,0,271,20,0,0
2117,15,1,106.5333333,279.9269973,0,20,115407.4421,406450
0,0,0,0,0,0,32,0,0
7032,15,1,394.0666667,585.1458264,2,20,176084.1185,482544
1181,1,1,53.28571429,199.3768865,0,32,17284.55919,93870
0,0,0,0,0,0,32,0,0
12,1,0,0,0,0,20,0,0
3821,8,1,687.6,1252.223143,0,20,0,583576
0,0,0,0,0,0,32,0,0
286,1,0,103,0,103,32,0,0
138,0,0,100,0,100,20,0,0
33100,5,1,883.2857143,899.0592983,0,32,195533.4278,713780
0,0,0,0,0,0,32,0,0
0,0,0,0,0,0,32,0,0
204,1,0,67,0,67,20,0,0
194,0,0,139,0,139,20,0,0
12,1,0,0,0,0,20,0,0
0,0,0,0,0,0,32,528.0337742,24614
12,1,0,0,0,0,20,0,0
408,1,0,153,0,153,20,0,0
202,0,0,162,0,162,20,0,0
427,0,0,385,0,385,20,0,0
242,1,0,85,0,85,32,0,0
2710,2,1,455.6,660.1990609,0,20,0,0
66447,23,1,1691.897436,727.1117989,0,20,0,0
185,0,0,143,0,143,20,0,0
4107,7,1,619.3333333,679.9090135,0,20,0,170982
5204,6,1,402.3,624.6419508,0,20,0,0
443228,156,1,2102.657143,853.614839,0,20,0,0
24273,9,1,761.4230769,783.2657875,0,32,598608.3167,1008439
37,1,0,6,0,6,32,0,0
12,1,0,0,0,0,20,0,0
382,1,0,131,41.01219331,102,20,0,23168
12,0,0,6,0,6,20,0,0
12,0,0,6,0,6,20,0,0
4436,8,1,444,818.4291574,0,20,51987.06845,133561
12,0,0,6,0,6,20,0,0
114044,40,1,1059.290909,1063.199098,2,20,0,3522756
266,3,0,63,0,63,20,0,0
4482,6,1,481.2857143,620.8026295,0,20,0,0
0,0,0,0,0,0,32,0,0
334,1,0,132,0,132,32,0,0
65,2,0,0,0,0,20,0,0
184,1,0,60,0,60,32,0,0
1033,4,1,49.8,100.1908179,2,20,0,125576
4106,7,1,619.3333333,679.9090135,0,20,0,181996
12,1,0,0,0,0,20,0,0
125,0,0,82,0,82,32,0,0
512,1,0,192,0,192,20,0,0
270,1,0,6,0,6,20,0,0
256,1,0,72,18.38477631,59,20,0,60365
5597,8,1,867.5,883.0519237,0,20,0,546941
12,1,0,0,0,0,20,0,0
12,1,0,0,0,0,20,0,0
163,0,0,112,0,112,32,0,0
0,0,1,0,0,0,32,0,0
404,1,0,171,0,171,20,0,0
184,0,0,121,0,121,32,0,0
16810,4,1,672.8333333,806.0718852,0,32,34473.20573,134592
12,1,1,2,3.464101615,0,20,0,0
751,3,1,38,76,0,32,0,0
0,0,0,0,0,0,32,0,0
156,0,0,106,0,106,20,0,0
444,1,0,175,0,175,32,0,0
336,1,0,127,0,127,20,0,0
12,0,0,6,0,6,20,0,0
137,0,0,94,0,94,32,0,0
1928,18,1,43.23529412,130.724677,0,20,19443.11416,82510
111,3,1,4.333333333,3.785938897,0,20,0,0
89,2,0,6,0,6,20,0,0
5960,13,1,327.4,574.8932572,0,20,632774.8155,1600272
21438,24,1,763.2962963,912.4915938,2,20,98016.88011,429252
330,1,0,126,0,126,32,0,0
336,1,0,127,0,127,32,0,0
160,1,0,48,0,48,32,0,0
400,1,0,164,0,164,20,0,0
12,1,0,0,0,0,20,0,0
188,1,0,55,0,55,32,0,0
6536,8,1,727.625,953.0415877,0,20,0,0
127441,7,1,1232.435644,635.2449987,0,32,531216.2087,1876600
0,0,0,0,0,0,32,0,0
264,1,0,105,0,105,20,0,0
61,4,0,0,0,0,20,0,0
12,0,0,6,0,6,20,0,0
77,2,0,0,0,0,32,0,0
7752,20,1,315.2380952,564.2263646,0,20,191950.1775,699146
12,1,0,0,0,0,20,0,0
153,0,0,107,0,107,32,0,0
216606,87,1,1703.693548,856.7375933,0,20,317355.8366,649912
248,1,0,0,0,0,20,0,0
126,0,0,77,0,77,20,0,0
210,0,0,161,0,161,32,0,0
0,0,0,0,0,0,32,0,0
256,1,0,72,0,72,20,0,0
12,0,0,6,0,6,20,0,0
188,1,0,55,0,55,20,0,0
0,0,0,0,0,0,32,0,0
131,0,0,92,0,92,20,0,0
194,0,0,130,0,130,32,0,0
260,1,0,101,0,101,20,0,0
336,1,0,127,0,127,20,0,0
30792,31,1,679.8095238,651.8643521,0,20,361739.839,738636
12,1,0,0,0,0,20,0,0
324,1,0,132,0,132,32,0,0
206,0,0,156,0,156,20,0,0
149,0,0,100,0,100,20,0,0
0,0,0,0,0,0,32,0,0
12,1,0,0,0,0,20,0,0
9588,4,1,461.8823529,802.158641,0,32,1483706.986,4219965
742,15,1,16.78571429,61.10039478,0,20,22742.04452,98439
214,0,0,158,0,158,20,0,0
222,0,0,74,0,74,32,1.414213562,51
212,1,0,74,0,74,32,0,0
246,1,0,94,0,94,20,0,0
0,0,0,0,0,0,32,0,0
12,0,0,6,0,6,20,0,0
62848,1,1,1487.214286,1174.796537,0,32,19561.71667,88096
0,0,0,0,0,0,32,0,0
0,0,0,0,0,0,32,0,0
12,1,0,0,0,0,20,0,0
0,0,0,0,0,0,32,0,0
192,1,0,48,0,48,20,0,0
2999,1,1,452,616.1519293,0,32,0,0
0,0,0,0,0,0,32,0,0
0,0,0,0,0,0,32,0,0
184,3,0,23,0,23,32,0,0
16548,22,1,552.3913043,834.4521741,0,20,45065.13181,187221
253,0,0,193,0,193,20,0,0
9416,33,1,160.2380952,317.9740601,0,20,0,0
244,1,0,85,0,85,20,0,0
12,0,0,6,0,6,20,0,0
12,0,0,6,0,6,20,0,0
216,1,0,68,0,68,20,0,0
158,2,0,41,0,41,32,0,0
9251,23,1,327.75,566.7532436,0,20,76226.22839,280126
264,1,0,96,0,96,20,0,0
300,1,0,117,0,117,20,0,0
380,1,0,145,0,145,32,0,0
568,2,0,139.6666667,54.24327915,80,20,9295.625745,60678
2720,3,1,570.25,1131.168238,2,20,0,0
650,12,0,0,0,0,20,0,0
181,0,0,136,0,136,32,0,0
232,1,0,80,0,80,20,0,0
288,1,0,100,0,100,32,0,0
574,3,0,187,0,187,20,0,0
174,0,0,129,0,129,32,0,0
174,0,0,112,0,112,20,0,0
1513,15,1,70.35714286,261.5302916,0,20,178519.6484,623235
5632,5,1,705,814.0638796,0,20,0,0
18,1,0,6,0,6,20,0,0
188,1,0,55,0,55,20,0,0
238,0,0,182,0,182,20,0,0
0,0,0,0,0,0,32,0,0
0,0,0,0,0,0,32,0,0
374,1,0,134,0,134,20,0,0
12,1,0,0,0,0,20,0,0
322,1,0,123,0,123,32,0,0
12,1,0,0,0,0,20,0,0
18,0,0,6,0,6,20,0,0
12,0,0,6,0,6,20,0,0
8277,3,1,427.7058824,815.6836676,0,32,54122.21903,165696
197,0,0,139,0,139,32,0,0
12,0,0,6,0,6,20,0,0
190,1,0,65,0,65,32,0,0
96,0,0,48,0,48,32,0,0
11020,5,1,491.6666667,815.7728202,0,32,2202359.708,7328494
7293,20,1,310.5789474,614.1811455,0,20,1468769.894,4895315
300,1,0,119,0,119,20,0,0
92,1,0,23,0,23,32,0,0
348,1,0,127,0,127,20,0,0
200,1,0,66,0,66,32,0,0
240,1,0,68,0,68,20,0,30740
264,3,0,74,0,74,20,0,0
0,0,0,0,0,0,32,0,0
0,0,0,0,0,0,32,0,0
282,1,0,103,0,103,20,0,0
49,2,0,6,0,6,20,0,0
370,1,0,152,0,152,20,0,0
114,0,0,65,0,65,20,0,0
324,1,0,132,0,132,32,0,0
336,1,0,127,0,127,44,0,0
2397,1,1,178.4545455,591.8667694,0,32,9057.3978,47227
573,2,0,129.3333333,58.53488988,72,32,26208.91284,37542
0,0,0,0,0,0,32,0,0
320,1,0,128,0,128,20,0,0
10716095,2626,1,2176.361581,850.0393611,0,20,453284.6983,1311545
7060,10,1,809.75,659.5552073,0,20,0,0
258,1,0,98,0,98,32,0,0
12,0,0,6,0,6,20,0,0
352,1,0,137,0,137,32,0,0
300,1,0,121,0,121,32,0,0
5393,20,1,193.45,437.3576731,0,20,377572.9456,1345560
1511,4,1,35.22222222,111.5682622,0,32,136367.5125,561207
380,3,0,82,0,82,20,0,0
31,0,0,0,0,0,32,0,0
290,1,0,102,0,102,20,0,0
246,1,0,90,0,90,32,0,0
919,5,1,30.55555556,89.80689159,0,20,73228.34436,161798
38308,19,1,842.3902439,775.2678208,0,20,0,1679337
162,0,0,111,0,111,32,0,0
124,0,0,78,0,78,20,0,0
0,0,0,0,0,0,20,0,0
31,1,0,0,0,0,20,0,0
5851,4,1,567.3333333,977.4178994,0,20,0,814616
296,1,0,90,0,90,20,0,0
292,1,0,105,0,105,20,0,0
45115,3,1,1033.465116,608.3316118,0,32,67468.47635,228039
236,1,0,83,0,83,32,0,0
224,1,0,72,0,72,20,0,0
358,1,0,132,0,132,32,0,0
312,1,0,118,0,118,32,0,0
250,1,0,82,0,82,20,0,0
3029,12,0,0,0,0,32,0,0
752,3,0,134,76.21023553,68,20,0,171
169,2,0,46,0,46,20,0,19788
0,0,0,0,0,0,20,0,0
212,1,0,61,0,61,20,0,0
451,2,1,33.6,59.34054263,0,32,0,0
13371,5,1,1153.363636,1003.953413,0,32,0,0
0,0,0,0,0,0,20,0,0
0,0,0,0,0,0,32,0,0
31,1,0,0,0,0,20,0,0
0,0,1,0,0,0,20,0,0
68908,6,1,1417.104167,624.0560613,0,32,0,0
192,1,0,48,0,48,32,0,0
358,1,0,143,0,143,20,0,0
0,0,0,0,0,0,20,0,0
600,5,0,50,0,50,20,0,0
270,1,0,102,0,102,32,0,0
490,1,0,211,0,211,20,0,0
4196,3,1,641.6666667,676.5351925,0,32,0,124782
296,1,0,119,0,119,20,0,0
0,0,0,0,0,0,32,0,0
0,0,0,0,0,0,32,0,0
7856,4,1,690.2,655.5645235,0,20,0,0
286,1,0,99,0,99,20,0,0
169,2,0,46,0,46,20,0,87874
236,1,0,91,0,91,32,0,0
6144,9,1,233.2380952,443.4532562,0,20,65991.44746,392351
0,0,0,0,0,0,20,0,0
128,0,0,72,0,72,32,0,0
378,1,0,139,0,139,32,0,0
510,1,0,225,0,225,32,0,0
6218,2,1,518,802.4821493,0,32,0,0
46063,4,1,1757.48,1183.982866,0,20,0,0
803,3,1,42,84,0,32,0,164849
0,0,0,0,0,0,32,0,0
624,1,0,284,0,284,32,0,0
14938,10,1,710.1538462,801.2267517,0,20,0,0
0,0,0,0,0,0,20,0,0
31,1,0,0,0,0,20,0,0
141,0,0,85,0,85,32,0,0
0,0,0,0,0,0,20,0,0
276,1,0,94,0,94,20,0,0
792,3,1,39.25,78.5,0,20,0,252560
320,1,0,130,0,130,32,0,0
31,0,0,0,0,0,32,0,0
326,1,0,112,0,112,20,0,0
196,1,0,57,0,57,32,0,0
6096,3,1,1148.4,1864.353185,0,20,0,200229
290,1,0,99,0,99,20,0,0
306,1,0,110,0,110,32,0,0
0,0,0,0,0,0,32,0,0
5492,3,1,480.4285714,624.2675327,0,20,0,0
0,0,0,0,0,0,20,0,0
5574,3,1,453.4,596.1098333,0,20,0,0
222,1,0,81,0,81,20,0,0
0,0,0,0,0,0,20,0,0
0,0,0,0,0,0,20,0,0
206,0,0,143,0,143,20,0,0
448,1,0,190,0,190,20,0,0
165,0,0,110,0,110,32,0,0
4077,3,1,618.3333333,674.5504182,0,32,0,0
1115,1,1,75.5,151,0,32,0,0
308,1,0,117,0,117,20,0,0
0,0,0,0,0,0,32,0,0
0,0,0,0,0,0,20,0,0
144,0,0,100,0,100,20,0,0
31,1,0,0,0,0,20,0,0
74,1,0,0,0,0,32,0,0
4471,4,1,358.4545455,555.6996246,0,20,0,0
349,1,0,125,4.242640687,122,32,0,48295
124,1,0,0,0,0,32,0,0
0,0,0,0,0,0,32,0,0
100,0,0,58,0,58,20,0,0
511,2,0,115,43,80,20,0,3886705
0,0,0,0,0,0,20,0,0
0,0,0,0,0,0,20,0,0
166,0,0,124,0,124,20,0,0
0,0,0,0,0,0,32,0,0
594,1,0,246,0,246,20,0,0
96,0,0,48,0,48,32,0,0
5806,8,0,92,104.9444297,0,20,542819.2916,1418933
268,3,0,70,0,70,20,0,0
31,0,0,0,0,0,32,0,0
496,1,0,214,0,214,32,0,0
40346,4,1,1460.222222,1923.058948,0,32,121931.855,492781
780,5,0,62,0,62,32,0,0
258,0,0,200,0,200,32,0,0
176,1,0,52,0,52,20,0,0
536,1,0,198,0,198,32,0,0
4146,5,1,570.5,841.1296571,0,32,0,0
92,1,0,23,0,23,32,0,0
3706,3,1,778.5,745.9354306,0,20,0,648073
176,1,0,52,0,52,20,0,0
208,1,0,60,0,60,32,0,0
0,0,0,0,0,0,20,0,0
0,0,0,0,0,0,32,0,0
1183,1,1,53.28571429,199.3768865,0,32,17239.53673,93724
5828,3,1,664.875,1145.229663,0,20,0,0
0,0,0,0,0,0,20,0,0
0,0,1,0,0,0,40,0,0
0,0,0,0,0,0,20,0,0
0,0,0,0,0,0,20,0,0
169,2,0,46,0,46,20,0,0
92,1,0,23,0,23,32,0,0
74,1,0,0,0,0,32,0,0
17985,4,1,695.5,857.2526054,0,20,0,4910197
26235,30,1,161.1111111,108.3849694,0,20,3647819.927,13700000
356,1,0,122,0,122,20,0,0
2210,12,1,126.3571429,472.7851369,0,20,46306.66796,177000
4076,3,1,742,923.7705343,0,20,0,0
751,3,1,38,76,0,20,0,335123
779,12,1,29.84615385,107.6118381,0,20,25841.00245,120562
2096,4,1,57.29411765,158.1679348,0,20,23962.98548,97285
60367,6,1,1606.054054,847.059192,0,32,0,0
474,1,0,207,0,207,20,0,0
472,1,0,159,0,159,32,0,0
125,0,0,87,0,87,32,0,0
0,0,0,0,0,0,20,0,0
94,0,0,55,0,55,20,0,0
3637,3,1,823,1489.043093,0,20,0,185459
420,1,0,169,0,169,40,0,0
0,0,0,0,0,0,20,0,0
344,1,0,128,0,128,32,0,0
192,1,0,56,0,56,32,0,0
37,0,0,0,0,0,32,0,0
326,1,0,132,0,132,20,0,0
517,1,1,0,0,0,32,0,0
278,1,0,107,0,107,20,0,0
153,0,0,112,0,112,32,0,0
228,1,0,65,0,65,32,0,0
378,3,0,99,0,99,20,0,0
402,3,0,111,0,111,20,0,0
354,1,0,137,0,137,32,0,0
1831,4,1,38,76,0,20,0,0
74,1,0,0,0,0,32,0,0
76846,7,1,1583.8125,1034.294942,0,20,115076.6789,392397
188,0,0,136,0,136,32,0,0
120,0,0,76,0,76,20,0,0
528,1,0,234,0,234,20,0,0
326,3,0,105,0,105,20,0,0
416,1,0,168,0,168,20,0,0
0,0,1,0,0,0,20,0,0
302,3,0,61,0,61,32,0,0
7470,3,1,742,797.4065104,0,32,0,0
236,3,0,62,0,62,20,0,0
16211,5,1,1171.615385,995.983395,0,32,0,0
96,0,0,48,0,48,20,0,0
290,1,0,109,0,109,20,0,0
324,1,0,132,0,132,20,0,0
212,1,0,69,0,69,32,0,0
259,0,0,215,0,215,20,0,0
38,1,0,0,0,0,20,0,0
7397,17,1,251.3684211,380.1432786,0,20,823527.7959,2755013
312,1,0,114,0,114,20,0,0
0,0,0,0,0,0,20,0,0
5698,3,1,638.5,654.5687784,0,32,0,453463
171,0,0,117,0,117,20,0,0
270,1,0,101,0,101,40,0,0
0,0,0,0,0,0,20,0,0
252,1,0,71,0,71,20,0,0
296,1,0,118,0,118,32,0,0
6556,3,1,331.1875,712.0317613,0,32,1157050.826,3879543
162,0,0,108,0,108,20,0,0
96,0,0,48,0,48,32,0,0
1920,1,1,59.69230769,215.2236761,0,20,71104.16647,330131
248,1,0,92,0,92,32,0,0
4411,2,1,221.6875,551.5480902,0,32,970033.4979,3260895
12368,4,1,500.3478261,792.2806326,0,32,16270.97064,76130
0,0,1,0,0,0,40,0,0
220,1,0,63,0,63,32,0,0
3428,3,1,610.8,813.8898574,0,20,0,0
5599,14,0,85.68421053,147.3876418,0,20,354914.4913,1324600
96,0,0,48,0,48,32,0,0
724,1,0,293,0,293,20,0,0
286,1,0,99,0,99,20,0,0
278,1,0,101,0,101,40,0,0
0,0,0,0,0,0,20,0,0
0,0,1,0,0,0,20,0,0
220,0,0,143,0,143,32,0,0
388,1,0,161,0,161,32,0,0
470899,16,1,2068.862222,937.6099001,0,20,0,3309301
0,0,0,0,0,0,20,0,0
330,1,0,125,0,125,32,0,0
446,3,1,45.66666667,79.09698688,0,20,0,0
181,0,0,117,0,117,32,0,0
0,0,0,0,0,0,20,0,0
0,0,0,0,0,0,32,0,0
977134,84,1,1853.798464,852.2032236,0,20,0,4071359
0,0,0,0,0,0,32,0,0
0,0,0,0,0,0,20,0,0
31,1,0,0,0,0,20,0,0
0,0,0,0,0,0,20,0,0
184,1,0,54,0,54,20,0,0
324,1,0,132,0,132,32,0,0
0,0,0,0,0,0,20,0,0
310,1,0,94,25.45584412,76,20,0,32370
0,0,0,0,0,0,32,0,0
228,1,0,77,0,77,32,0,0
0,0,0,0,0,0,20,0,0
168,0,0,114,0,114,20,0,0
835,1,1,100.75,201.5,0,20,0,0
4720,4,1,469,617.8053901,0,20,0,0
224,1,0,83,0,83,20,0,0
60582,1,1,1825.363636,1032.378014,0,20,0,0
140,0,0,78,0,78,20,0,0
0,0,0,0,0,0,20,0,0
740,1,0,163,0,163,32,0,0
141,0,0,97,0,97,32,0,0
700,1,1,125.6,278.063482,0,32,0,0
156,0,0,113,0,113,32,0,0
0,0,0,0,0,0,32,0,0
728,1,0,326,0,326,20,0,0
276,1,0,95,0,95,20,0,0
176,0,0,120,0,120,20,0,0
0,0,1,0,0,0,20,0,0
0,0,0,0,0,0,20,0,0
0,0,0,0,0,0,20,0,0
3251,2,1,516.5,596.4028281,0,20,0,0
222,1,0,79,0,79,20,0,0
31,0,0,0,0,0,20,0,0
358,1,0,143,0,143,20,0,0
4954,4,1,262,433.4824103,0,20,0,338362
272,1,0,108,0,108,32,0,0
0,0,0,0,0,0,20,0,0
8922,4,1,583.2,719.1491578,0,20,0,133754
3884,6,1,701.6,731.5646246,0,20,0,0
31,1,0,0,0,0,32,0,0
484,1,0,177.5,3.535533906,175,20,0,307011
12,0,0,6,0,6,20,0,0
192,1,0,48,0,48,20,0,0
324,1,0,132,0,132,32,0,0
1694,15,1,62.57142857,213.4038116,0,20,87665.74569,378080
286,1,0,6,0,6,20,0,0
0,0,0,0,0,0,32,0,0
336,1,0,137,0,137,32,0,0
246,1,0,90,0,90,20,0,0
12,1,0,0,0,0,20,0,0
0,0,0,0,0,0,32,0,0
4112,7,1,531.7142857,662.5480396,0,20,0,226339
12,2,1,0,0,0,20,0,0
176,1,0,52,0,52,32,0,0
5954,15,1,190.5833333,409.2062217,0,20,0,0
0,0,1,0,0,0,32,0,0
364,3,0,57.5,6.350852961,52,20,0,30873
12,0,0,6,0,6,20,0,0
30315,26,1,18.92592593,75.57519227,0,32,0,0
5676,22,1,106.2666667,130.7039121,0,32,0,0
148,1,0,45,0,45,32,0,0
31,0,0,0,0,0,32,0,0
306,3,0,83,0,83,32,0,0
4071,7,1,332.1666667,342.5337453,0,32,0,0
180,1,0,53,0,53,32,0,0
31,0,0,0,0,0,32,0,0
12,0,0,6,0,6,20,0,0
166,0,0,113,0,113,40,0,0
328,1,0,128,0,128,20,0,0
12,1,0,0,0,0,20,0,0
11244,14,1,864.0833333,702.0229805,0,20,0,0
181,0,0,117,0,117,32,0,0
12,1,0,0,0,0,20,0,0
2341,2,1,475.25,684.1166445,6,20,0,0
12,1,0,0,0,0,20,0,0
234,1,0,84,0,84,32,0,0
650,12,0,0,0,0,20,0,0
246,1,0,81,0,81,20,0,0
392,1,0,114,0,114,32,0,0
0,0,0,0,0,0,32,0,0
11949,2,1,177,250.3158005,0,32,0,0
152,0,0,111,0,111,20,0,0
464,1,0,184,74.95331881,131,32,0,0
116,0,0,66,0,66,32,0,0
239,0,0,188,0,188,32,0,0
250,1,0,91,0,91,32,0,0
163,0,0,112,0,112,40,0,0
12,1,0,0,0,0,20,0,0
286,1,0,6,0,6,20,0,0
12,1,0,0,0,0,20,0,0
280,1,0,101,0,101,32,0,0
290,1,0,102,0,102,20,0,0
258,1,0,88,0,88,20,0,0
12,1,0,0,0,0,20,0,0
219,0,0,166,0,166,32,0,0
2915,3,1,226.5,490.7625699,0,32,0,0
282,1,0,89,0,89,20,0,0
272,3,0,70,0,70,20,0,0
250,1,0,91,0,91,20,0,0
0,0,0,0,0,0,32,102.2976051,23683
12583,4,1,504.3636364,768.9516392,0,32,16886.95582,81892
12,1,0,0,0,0,20,0,0
12,0,0,6,0,6,20,0,0
1623,10,1,112.1428571,230.127087,0,20,0,0
246,1,0,81,0,81,20,0,0
367,3,0,6,0,6,20,0,0
236,1,0,83,0,83,32,0,0
189,0,0,127,0,127,32,0,0
169,2,0,23,32.52691193,0,32,0,0
3884,6,1,701.6,731.5646246,0,20,0,0
208,1,0,68,0,68,20,0,0
686,17,1,19.2,14.20387271,0,20,0,0
176,1,0,52,0,52,20,0,0
181,4,0,46,0,46,20,0,0
206,1,0,70,0,70,20,0,0
5888,3,1,394.6666667,638.9328224,0,32,0,1388298
362,1,0,134,0,134,20,0,0
0,0,0,0,0,0,32,0,0
0,0,0,0,0,0,32,140.5633471,24158
12,0,0,6,0,6,20,0,0
65,2,0,0,0,0,20,0,0
284,1,0,108,0,108,32,0,0
2240,1,1,129,482.6738029,0,32,80469.12414,528909
12,2,1,0,0,0,20,0,0
261,3,0,46,0,46,32,0,30003
266,1,0,97,0,97,32,0,0
300,5,0,36,20,6,20,11011.0668,249363
0,0,0,0,0,0,32,0,0
0,0,0,0,0,0,32,0,0
324,1,0,115,0,115,32,0,0
464,3,0,66,0,66,20,0,0
37,1,0,0,0,0,20,0,0
172,1,0,51,0,51,32,0,0
30027,13,1,1376,322.1676582,0,20,0,0
152,0,0,90,0,90,32,0,0
38764,23,1,1237.193548,1259.896303,0,20,15437.53052,74844
3360,1,0,1430,0,1430,32,0,0
226,0,0,177,0,177,20,0,0
18949,5,1,458.9444444,571.939005,0,32,268363.8937,966540
200,1,0,66,0,66,32,0,0
246,1,0,81,0,81,20,0,0
12,0,0,6,0,6,20,0,0
156,0,0,108,0,108,32,0,0
262,1,0,92,0,92,32,0,0
12,1,0,0,0,0,20,0,0
0,0,0,0,0,0,32,0,0
49,2,0,6,0,6,20,0,0
324,1,0,132,0,132,20,0,0
191,0,0,143,0,143,32,0,0
12,1,0,0,0,0,20,0,0
124,1,0,0,0,0,20,0,0
452,1,0,193,0,193,32,0,0
360,1,0,143,0,143,32,0,0
252,1,0,89,0,89,32,0,0
650,12,0,0,0,0,32,0,0
12,0,0,6,0,6,20,0,0
1128,2,1,298,421.4356416,0,20,0,0
0,0,0,0,0,0,32,0,0
12,0,0,6,0,6,20,0,0
0,0,0,0,0,0,32,0,0
4892,12,1,219.6666667,509.3513616,0,20,22636.50357,101533
12,0,0,6,0,6,20,0,0
306,0,0,248,0,248,20,0,0
358,1,0,140,0,140,40,0,0
398,1,0,161,0,161,32,0,0
250,1,0,91,0,91,32,0,0
184,0,0,126,0,126,20,0,0
3884,6,1,701.6,731.5646246,0,20,0,0
324,1,0,127,0,127,32,0,0
179,0,0,120,0,120,20,0,0
18,2,0,0,0,0,20,0,0
169,2,0,46,0,46,32,0,49573
132,0,0,92,0,92,32,0,0
89,2,0,6,0,6,20,0,0
322,1,0,125,0,125,20,0,0
12617,14,1,784.0666667,729.6741412,0,20,0,0
288,1,0,102,0,102,40,0,0
384,4,0,6,0,6,20,0,0
124,0,0,78,0,78,20,0,0
57878,7,1,1191.489362,972.6817003,0,32,122267.6175,453359
8340,5,1,265.9,504.5850719,0,32,90695.82508,337684
12,0,0,6,0,6,20,0,0
411,1,0,159.5,23.33452378,143,20,0,224694
176,1,0,52,0,52,20,0,0
43,2,0,0,0,0,20,0,0
418,1,0,179,0,179,20,0,0
4653,4,1,359.0909091,569.9183195,0,32,0,0
310,1,0,118,0,118,20,0,0
37,0,0,0,0,0,32,0,0
37,0,0,0,0,0,32,0,0
474,1,0,207,0,207,20,0,0
144,1,0,44,0,44,32,0,0
12,1,0,0,0,0,20,0,0
92,1,0,23,0,23,32,0,0
12,1,0,0,0,0,20,0,0
31,0,0,0,0,0,32,0,0
102,0,0,59,0,59,20,0,0
18,2,0,0,0,0,20,0,0
336,1,0,127,0,127,40,0,0
440,1,0,174,0,174,20,0,0
